Month,Branch / Line,OTP,AM Peak,PM Peak,Off Peak
01/01/2015,Babylon,0.899092,0.853618,0.815789,0.927
01/01/2015,Far Rockaway,0.941245,0.837321,0.912281,0.961
01/01/2015,Hempstead,0.940344,0.894737,0.912281,0.951
01/01/2015,Huntington,0.879638,0.814035,0.793233,0.903
01/01/2015,Long Beach,0.903586,0.850877,0.84689,0.922
01/01/2015,Montauk,0.882625,0.842105,0.808917,0.901
01/01/2015,Oyster Bay,0.926667,0.917293,0.815789,0.948
01/01/2015,Port Jefferson,0.861423,0.782895,0.849624,0.879
01/01/2015,Port Washington,0.91576,0.877193,0.800554,0.941
01/01/2015,Ronkonkoma,0.868255,0.78655,0.851974,0.889
01/01/2015,System Total,0.902794,0.844664,0.835703,0.925
01/01/2015,West Hempstead,0.938383,0.873684,0.885965,0.96
02/01/2015,Babylon,0.863895,0.745066,0.834586,0.901
02/01/2015,Far Rockaway,0.928304,0.799043,0.923977,0.951
02/01/2015,Hempstead,0.919631,0.889474,0.824561,0.939
02/01/2015,Huntington,0.833491,0.712281,0.770677,0.866
02/01/2015,Long Beach,0.900952,0.785088,0.856459,0.932
02/01/2015,Montauk,0.839196,0.717105,0.839744,0.86
02/01/2015,Oyster Bay,0.863905,0.796992,0.754386,0.9
02/01/2015,Port Jefferson,0.774421,0.664474,0.744361,0.804
02/01/2015,Port Washington,0.870504,0.80117,0.711911,0.912
02/01/2015,Ronkonkoma,0.842206,0.719298,0.865132,0.867
02/01/2015,System Total,0.868241,0.764985,0.810747,0.9
02/01/2015,West Hempstead,0.92623,0.905263,0.780702,0.962
03/01/2015,Babylon,0.905015,0.870922,0.849026,0.927
03/01/2015,Far Rockaway,0.950774,0.88843,0.934343,0.964
03/01/2015,Hempstead,0.944575,0.927273,0.89899,0.955
03/01/2015,Huntington,0.871202,0.867069,0.814935,0.882
03/01/2015,Long Beach,0.934733,0.916667,0.892562,0.947
03/01/2015,Montauk,0.895349,0.886364,0.844444,0.907
03/01/2015,Oyster Bay,0.909474,0.915584,0.810606,0.928
03/01/2015,Port Jefferson,0.850277,0.823864,0.805195,0.866
03/01/2015,Port Washington,0.923077,0.89899,0.830144,0.946
03/01/2015,Ronkonkoma,0.831911,0.762626,0.806818,0.855
03/01/2015,System Total,0.904002,0.872555,0.849829,0.921
03/01/2015,West Hempstead,0.954988,0.945455,0.931818,0.962
04/01/2015,Babylon,0.935801,0.947443,0.909091,0.939
04/01/2015,Far Rockaway,0.979873,0.950413,0.979798,0.985
04/01/2015,Hempstead,0.965286,0.981818,0.939394,0.967
04/01/2015,Huntington,0.910382,0.918182,0.866883,0.917
04/01/2015,Long Beach,0.945412,0.94697,0.921488,0.95
04/01/2015,Montauk,0.94604,0.948864,0.927778,0.95
04/01/2015,Oyster Bay,0.963441,0.980519,0.886364,0.975
04/01/2015,Port Jefferson,0.92215,0.931818,0.915584,0.921
04/01/2015,Port Washington,0.935808,0.936869,0.880383,0.947
04/01/2015,Ronkonkoma,0.905364,0.871212,0.892045,0.917
04/01/2015,System Total,0.93894,0.9375,0.907509,0.946
04/01/2015,West Hempstead,0.968905,0.963636,0.924242,0.98
05/01/2015,Babylon,0.926234,0.948438,0.864769,0.934
05/01/2015,Far Rockaway,0.956921,0.931818,0.927778,0.965
05/01/2015,Hempstead,0.962143,0.96,0.927778,0.967
05/01/2015,Huntington,0.911229,0.94,0.867857,0.913
05/01/2015,Long Beach,0.950346,0.916667,0.918182,0.962
05/01/2015,Montauk,0.904089,0.91875,0.88024,0.906
05/01/2015,Oyster Bay,0.947368,0.957143,0.866667,0.959
05/01/2015,Port Jefferson,0.925447,0.9375,0.864286,0.935
05/01/2015,Port Washington,0.894281,0.927778,0.813158,0.903
05/01/2015,Ronkonkoma,0.93074,0.927778,0.921875,0.933
05/01/2015,System Total,0.928859,0.936806,0.879356,0.936
05/01/2015,West Hempstead,0.954887,0.93,0.883333,0.974
06/01/2015,Babylon,0.927643,0.946023,0.890323,0.932
06/01/2015,Far Rockaway,0.949309,0.958678,0.944444,0.948
06/01/2015,Hempstead,0.939446,0.986364,0.914141,0.935
06/01/2015,Huntington,0.907276,0.972727,0.892857,0.897
06/01/2015,Long Beach,0.943613,0.958333,0.942149,0.941
06/01/2015,Montauk,0.922648,0.948864,0.913043,0.92
06/01/2015,Oyster Bay,0.948387,0.987013,0.893939,0.95
06/01/2015,Port Jefferson,0.884091,0.903409,0.883117,0.878
06/01/2015,Port Washington,0.929028,0.972222,0.863636,0.934
06/01/2015,Ronkonkoma,0.921687,0.94697,0.9375,0.912
06/01/2015,System Total,0.928467,0.957071,0.903676,0.927
06/01/2015,West Hempstead,0.94403,0.954545,0.901515,0.952
07/01/2015,Babylon,0.919853,0.940217,0.877112,0.925
07/01/2015,Far Rockaway,0.956233,0.936759,0.951691,0.961
07/01/2015,Hempstead,0.92599,0.96087,0.888889,0.926
07/01/2015,Huntington,0.88765,0.930435,0.813665,0.893
07/01/2015,Long Beach,0.922265,0.967391,0.909091,0.915
07/01/2015,Montauk,0.846102,0.940541,0.819588,0.835
07/01/2015,Oyster Bay,0.940933,0.968944,0.84058,0.955
07/01/2015,Port Jefferson,0.898253,0.918478,0.863354,0.901
07/01/2015,Port Washington,0.906627,0.915459,0.8627,0.914
07/01/2015,Ronkonkoma,0.90099,0.898795,0.910326,0.899
07/01/2015,System Total,0.912238,0.935124,0.876463,0.915
07/01/2015,West Hempstead,0.952038,0.956522,0.913043,0.96
08/01/2015,Babylon,0.92003,0.93006,0.849662,0.933
08/01/2015,Far Rockaway,0.965305,0.874459,0.936508,0.985
08/01/2015,Hempstead,0.941317,0.914286,0.888889,0.954
08/01/2015,Huntington,0.889174,0.895238,0.812925,0.901
08/01/2015,Long Beach,0.925695,0.948413,0.900433,0.926
08/01/2015,Montauk,0.891892,0.892857,0.857955,0.897
08/01/2015,Oyster Bay,0.929412,0.959184,0.825397,0.943
08/01/2015,Port Jefferson,0.889103,0.857143,0.809524,0.913
08/01/2015,Port Washington,0.908273,0.939153,0.877193,0.909
08/01/2015,Ronkonkoma,0.88075,0.867725,0.89881,0.88
08/01/2015,System Total,0.914884,0.912698,0.86631,0.924
08/01/2015,West Hempstead,0.955556,0.971429,0.865079,0.972
09/01/2015,Babylon,0.913427,0.892857,0.86927,0.929
09/01/2015,Far Rockaway,0.953774,0.857143,0.962963,0.97
09/01/2015,Hempstead,0.946256,0.890476,0.920635,0.959
09/01/2015,Huntington,0.860044,0.828571,0.812925,0.874
09/01/2015,Long Beach,0.917985,0.837302,0.930736,0.932
09/01/2015,Montauk,0.898499,0.845238,0.840909,0.917
09/01/2015,Oyster Bay,0.899676,0.823129,0.849206,0.927
09/01/2015,Port Jefferson,0.823977,0.779762,0.77551,0.844
09/01/2015,Port Washington,0.908864,0.873016,0.847118,0.928
09/01/2015,Ronkonkoma,0.868204,0.785714,0.866071,0.888
09/01/2015,System Total,0.903527,0.850198,0.870093,0.921
09/01/2015,West Hempstead,0.953283,0.885714,0.936508,0.97
10/01/2015,Babylon,0.926677,0.944602,0.863636,0.936
10/01/2015,Far Rockaway,0.95082,0.904959,0.934343,0.962
10/01/2015,Hempstead,0.956347,0.972727,0.934343,0.957
10/01/2015,Huntington,0.883689,0.909091,0.834416,0.888
10/01/2015,Long Beach,0.939909,0.939394,0.909091,0.946
10/01/2015,Montauk,0.936017,0.920455,0.912568,0.943
10/01/2015,Oyster Bay,0.915861,0.948052,0.825758,0.925
10/01/2015,Port Jefferson,0.860612,0.880682,0.811688,0.866
10/01/2015,Port Washington,0.926426,0.936869,0.837321,0.942
10/01/2015,Ronkonkoma,0.919145,0.886364,0.909091,0.929
10/01/2015,System Total,0.924646,0.926136,0.876918,0.934
10/01/2015,West Hempstead,0.956204,0.936364,0.924242,0.967
11/01/2015,Babylon,0.931044,0.925,0.891071,0.941
11/01/2015,Far Rockaway,0.953928,0.918182,0.95,0.961
11/01/2015,Hempstead,0.959451,0.935,0.922222,0.969
11/01/2015,Huntington,0.883444,0.92,0.842857,0.884
11/01/2015,Long Beach,0.945755,0.9125,0.913636,0.958
11/01/2015,Montauk,0.918413,0.90625,0.830303,0.935
11/01/2015,Oyster Bay,0.913043,0.942857,0.808333,0.926
11/01/2015,Port Jefferson,0.872881,0.9,0.842857,0.873
11/01/2015,Port Washington,0.932764,0.866667,0.939474,0.943
11/01/2015,Ronkonkoma,0.917181,0.866667,0.934375,0.925
11/01/2015,System Total,0.925226,0.907639,0.89606,0.934
11/01/2015,West Hempstead,0.934615,0.93,0.891667,0.945
12/01/2015,Babylon,0.930552,0.947443,0.907468,0.931
12/01/2015,Far Rockaway,0.975197,0.958678,0.979798,0.978
12/01/2015,Hempstead,0.975493,0.972727,0.944444,0.981
12/01/2015,Huntington,0.913896,0.915152,0.902597,0.916
12/01/2015,Long Beach,0.962842,0.969697,0.950413,0.964
12/01/2015,Montauk,0.926087,0.863636,0.882682,0.944
12/01/2015,Oyster Bay,0.919421,0.922078,0.863636,0.93
12/01/2015,Port Jefferson,0.883888,0.863636,0.863636,0.892
12/01/2015,Port Washington,0.965132,0.974747,0.942584,0.968
12/01/2015,Ronkonkoma,0.909669,0.866162,0.90625,0.921
12/01/2015,System Total,0.938923,0.932134,0.915329,0.945
12/01/2015,West Hempstead,0.953771,0.972727,0.871212,0.969
01/01/2016,Babylon,0.912285,0.868421,0.868321,0.932
01/01/2016,Far Rockaway,0.958151,0.914141,0.962963,0.965
01/01/2016,Hempstead,0.955026,0.966667,0.907407,0.96
01/01/2016,Huntington,0.884064,0.821053,0.845283,0.901
01/01/2016,Long Beach,0.946115,0.972222,0.89899,0.949
01/01/2016,Montauk,0.906442,0.848684,0.919708,0.913
01/01/2016,Oyster Bay,0.894972,0.879699,0.807018,0.914
01/01/2016,Port Jefferson,0.867943,0.782895,0.857143,0.887
01/01/2016,Port Washington,0.933624,0.865497,0.906516,0.95
01/01/2016,Ronkonkoma,0.876498,0.774854,0.897163,0.895
01/01/2016,System Total,0.91571,0.865827,0.885972,0.93
01/01/2016,West Hempstead,0.948016,0.922222,0.87963,0.966
02/01/2016,Babylon,0.922512,0.951563,0.808929,0.941
02/01/2016,Far Rockaway,0.960582,0.922727,0.933333,0.971
02/01/2016,Hempstead,0.944087,0.955,0.872222,0.953
02/01/2016,Huntington,0.895098,0.966667,0.846429,0.89
02/01/2016,Long Beach,0.930403,0.925,0.85,0.947
02/01/2016,Montauk,0.913619,0.875,0.888889,0.924
02/01/2016,Oyster Bay,0.916481,0.978571,0.85,0.915
02/01/2016,Port Jefferson,0.882752,0.8875,0.835714,0.891
02/01/2016,Port Washington,0.931122,0.975,0.805263,0.947
02/01/2016,Ronkonkoma,0.910221,0.908333,0.916667,0.909
02/01/2016,System Total,0.9231,0.938889,0.852896,0.933
02/01/2016,West Hempstead,0.952756,0.92,0.9,0.97
03/01/2016,Babylon,0.947071,0.970149,0.920807,0.947
03/01/2016,Far Rockaway,0.975964,0.960474,0.980676,0.978
03/01/2016,Hempstead,0.977461,0.978261,0.975845,0.978
03/01/2016,Huntington,0.939108,0.959538,0.940994,0.934
03/01/2016,Long Beach,0.970308,0.971014,0.980237,0.968
03/01/2016,Montauk,0.933142,0.858696,0.944751,0.944
03/01/2016,Oyster Bay,0.93578,0.968944,0.905797,0.934
03/01/2016,Port Jefferson,0.881356,0.913043,0.925466,0.865
03/01/2016,Port Washington,0.977174,0.968599,0.947368,0.985
03/01/2016,Ronkonkoma,0.933641,0.917874,0.961219,0.932
03/01/2016,System Total,0.951909,0.952927,0.945884,0.953
03/01/2016,West Hempstead,0.977273,0.973913,0.934783,0.99
04/01/2016,Babylon,0.919059,0.986607,0.952381,0.892
04/01/2016,Far Rockaway,0.977804,0.982684,0.989418,0.975
04/01/2016,Hempstead,0.968519,0.985714,0.957672,0.967
04/01/2016,Huntington,0.938884,0.980952,0.942177,0.93
04/01/2016,Long Beach,0.963594,0.984127,0.978355,0.957
04/01/2016,Montauk,0.922961,0.946429,0.921053,0.919
04/01/2016,Oyster Bay,0.96463,0.993197,0.936508,0.964
04/01/2016,Port Jefferson,0.917371,0.97619,0.952381,0.897
04/01/2016,Port Washington,0.952698,0.992063,0.922306,0.951
04/01/2016,Ronkonkoma,0.932921,0.965608,0.920635,0.928
04/01/2016,System Total,0.944373,0.981151,0.944485,0.937
04/01/2016,West Hempstead,0.968023,0.990476,0.920635,0.976
05/01/2016,Babylon,0.924301,0.959821,0.942275,0.911
05/01/2016,Far Rockaway,0.973789,0.969697,0.984127,0.973
05/01/2016,Hempstead,0.980244,0.980952,0.968254,0.982
05/01/2016,Huntington,0.951627,0.965079,0.945578,0.95
05/01/2016,Long Beach,0.961121,0.988095,0.952381,0.957
05/01/2016,Montauk,0.943101,0.940476,0.967105,0.94
05/01/2016,Oyster Bay,0.961257,0.986395,0.888889,0.969
05/01/2016,Port Jefferson,0.943585,0.964286,0.959184,0.936
05/01/2016,Port Washington,0.931222,0.949735,0.877193,0.938
05/01/2016,Ronkonkoma,0.936116,0.944444,0.965079,0.929
05/01/2016,System Total,0.947461,0.962302,0.942691,0.945
05/01/2016,West Hempstead,0.979772,0.961905,0.97619,0.984
06/01/2016,Babylon,0.92586,0.940341,0.888889,0.931
06/01/2016,Far Rockaway,0.977378,0.946281,0.989899,0.981
06/01/2016,Hempstead,0.973036,0.963636,0.979798,0.974
06/01/2016,Huntington,0.924512,0.942424,0.912338,0.923
06/01/2016,Long Beach,0.959724,0.969697,0.954545,0.959
06/01/2016,Montauk,0.898329,0.926136,0.87037,0.898
06/01/2016,Oyster Bay,0.932059,0.961039,0.818182,0.948
06/01/2016,Port Jefferson,0.907579,0.954545,0.915584,0.895
06/01/2016,Port Washington,0.911375,0.931818,0.827751,0.924
06/01/2016,Ronkonkoma,0.937285,0.959596,0.945455,0.93
06/01/2016,System Total,0.935202,0.947917,0.906736,0.938
06/01/2016,West Hempstead,0.972637,0.954545,0.931818,0.986
07/01/2016,Babylon,0.871001,0.878125,0.817699,0.88
07/01/2016,Far Rockaway,0.94182,0.868182,0.944444,0.954
07/01/2016,Hempstead,0.924866,0.93,0.838889,0.936
07/01/2016,Huntington,0.886752,0.87,0.846429,0.896
07/01/2016,Long Beach,0.914564,0.891667,0.9,0.921
07/01/2016,Montauk,0.809011,0.8125,0.825503,0.806
07/01/2016,Oyster Bay,0.910828,0.878571,0.8,0.937
07/01/2016,Port Jefferson,0.883654,0.85,0.85,0.897
07/01/2016,Port Washington,0.907745,0.897222,0.807895,0.927
07/01/2016,Ronkonkoma,0.875916,0.836111,0.863333,0.887
07/01/2016,System Total,0.892712,0.874653,0.845482,0.904
07/01/2016,West Hempstead,0.934837,0.92,0.875,0.95
08/01/2016,Babylon,0.920265,0.9375,0.853395,0.932
08/01/2016,Far Rockaway,0.954723,0.932806,0.913043,0.965
08/01/2016,Hempstead,0.960261,0.965217,0.888889,0.971
08/01/2016,Huntington,0.903267,0.898551,0.84472,0.916
08/01/2016,Long Beach,0.941699,0.916667,0.897233,0.956
08/01/2016,Montauk,0.869973,0.836957,0.846154,0.879
08/01/2016,Oyster Bay,0.936799,0.900621,0.847826,0.963
08/01/2016,Port Jefferson,0.908927,0.858696,0.900621,0.923
08/01/2016,Port Washington,0.896126,0.903382,0.844394,0.905
08/01/2016,Ronkonkoma,0.905411,0.898551,0.892754,0.91
08/01/2016,System Total,0.919801,0.912742,0.871405,0.931
08/01/2016,West Hempstead,0.970024,0.947826,0.934783,0.983
09/01/2016,Babylon,0.936176,0.973214,0.904924,0.934
09/01/2016,Far Rockaway,0.978337,0.961039,0.973545,0.982
09/01/2016,Hempstead,0.968111,0.990476,0.952381,0.967
09/01/2016,Huntington,0.942087,0.946032,0.887755,0.951
09/01/2016,Long Beach,0.94669,0.972222,0.91342,0.948
09/01/2016,Montauk,0.931324,0.910714,0.929936,0.935
09/01/2016,Oyster Bay,0.969989,0.979592,0.920635,0.977
09/01/2016,Port Jefferson,0.928571,0.934524,0.924658,0.928
09/01/2016,Port Washington,0.928447,0.97619,0.847118,0.935
09/01/2016,Ronkonkoma,0.923617,0.939153,0.888889,0.927
09/01/2016,System Total,0.943765,0.961971,0.905107,0.947
09/01/2016,West Hempstead,0.978535,0.990476,0.912698,0.991
10/01/2016,Babylon,0.919481,0.948225,0.909864,0.914
10/01/2016,Far Rockaway,0.960068,0.95671,0.94709,0.962
10/01/2016,Hempstead,0.951134,0.957143,0.904762,0.957
10/01/2016,Huntington,0.883031,0.905844,0.87415,0.88
10/01/2016,Long Beach,0.960987,0.940476,0.943723,0.968
10/01/2016,Montauk,0.88806,0.849398,0.875,0.896
10/01/2016,Oyster Bay,0.869427,0.903448,0.785714,0.878
10/01/2016,Port Jefferson,0.894204,0.886905,0.85034,0.904
10/01/2016,Port Washington,0.952986,0.952381,0.902256,0.963
10/01/2016,Ronkonkoma,0.870236,0.863636,0.926984,0.861
10/01/2016,System Total,0.920586,0.922668,0.903483,0.923
10/01/2016,West Hempstead,0.97037,0.92381,0.960317,0.981
11/01/2016,Babylon,0.91917,0.916667,0.892857,0.926
11/01/2016,Far Rockaway,0.962573,0.904762,0.973545,0.971
11/01/2016,Hempstead,0.946716,0.938095,0.899471,0.956
11/01/2016,Huntington,0.888332,0.831746,0.853741,0.906
11/01/2016,Long Beach,0.946418,0.916667,0.930736,0.955
11/01/2016,Montauk,0.899536,0.880952,0.894737,0.903
11/01/2016,Oyster Bay,0.896034,0.911565,0.825397,0.906
11/01/2016,Port Jefferson,0.893497,0.857143,0.911565,0.898
11/01/2016,Port Washington,0.932935,0.891534,0.904762,0.946
11/01/2016,Ronkonkoma,0.87451,0.833333,0.87619,0.884
11/01/2016,System Total,0.918839,0.890542,0.896589,0.929
11/01/2016,West Hempstead,0.960859,0.952381,0.912698,0.973
12/01/2016,Babylon,0.907785,0.903409,0.86526,0.919
12/01/2016,Far Rockaway,0.954955,0.896694,0.964646,0.964
12/01/2016,Hempstead,0.937799,0.890909,0.919192,0.949
12/01/2016,Huntington,0.895904,0.887879,0.866883,0.903
12/01/2016,Long Beach,0.944444,0.92803,0.954545,0.946
12/01/2016,Montauk,0.922695,0.835227,0.91195,0.939
12/01/2016,Oyster Bay,0.913223,0.902597,0.901515,0.918
12/01/2016,Port Jefferson,0.874887,0.875,0.87013,0.876
12/01/2016,Port Washington,0.916413,0.911616,0.84689,0.931
12/01/2016,Ronkonkoma,0.872697,0.843434,0.930303,0.868
12/01/2016,System Total,0.914404,0.891098,0.895047,0.923
12/01/2016,West Hempstead,0.951338,0.918182,0.916667,0.966
01/01/2017,Babylon,0.922188,0.933036,0.87415,0.93
01/01/2017,Far Rockaway,0.947039,0.943723,0.920635,0.951
01/01/2017,Hempstead,0.927021,0.933333,0.867725,0.935
01/01/2017,Huntington,0.920513,0.946032,0.846939,0.928
01/01/2017,Long Beach,0.924087,0.936508,0.883117,0.929
01/01/2017,Montauk,0.916785,0.875,0.874172,0.929
01/01/2017,Oyster Bay,0.929843,0.92517,0.896825,0.937
01/01/2017,Port Jefferson,0.92922,0.880952,0.938776,0.938
01/01/2017,Port Washington,0.913681,0.970899,0.834586,0.918
01/01/2017,Ronkonkoma,0.917373,0.912698,0.936508,0.915
01/01/2017,System Total,0.924203,0.930556,0.881307,0.931
01/01/2017,West Hempstead,0.946914,0.914286,0.888889,0.965
02/01/2017,Babylon,0.876388,0.828947,0.763158,0.914
02/01/2017,Far Rockaway,0.927536,0.842105,0.859649,0.952
02/01/2017,Hempstead,0.903204,0.826316,0.824561,0.928
02/01/2017,Huntington,0.872926,0.789474,0.744361,0.91
02/01/2017,Long Beach,0.904762,0.855263,0.84689,0.925
02/01/2017,Montauk,0.888713,0.802632,0.832117,0.91
02/01/2017,Oyster Bay,0.900348,0.834586,0.824561,0.929
02/01/2017,Port Jefferson,0.861027,0.835526,0.759398,0.886
02/01/2017,Port Washington,0.922757,0.909357,0.844875,0.94
02/01/2017,Ronkonkoma,0.854861,0.769006,0.754386,0.893
02/01/2017,System Total,0.891722,0.830775,0.798636,0.921
02/01/2017,West Hempstead,0.922131,0.863158,0.815789,0.956
03/01/2017,Babylon,0.9078,0.930801,0.82764,0.921
03/01/2017,Far Rockaway,0.958054,0.928854,0.932367,0.968
03/01/2017,Hempstead,0.929419,0.921739,0.845411,0.945
03/01/2017,Huntington,0.877682,0.895954,0.732919,0.902
03/01/2017,Long Beach,0.922129,0.938406,0.83004,0.937
03/01/2017,Montauk,0.91108,0.956522,0.873494,0.909
03/01/2017,Oyster Bay,0.887354,0.906832,0.782609,0.905
03/01/2017,Port Jefferson,0.869955,0.902174,0.807453,0.875
03/01/2017,Port Washington,0.915379,0.903382,0.864989,0.928
03/01/2017,Ronkonkoma,0.887097,0.888889,0.875362,0.889
03/01/2017,System Total,0.909176,0.91732,0.837641,0.922
03/01/2017,West Hempstead,0.946043,0.93913,0.855072,0.969
04/01/2017,Babylon,0.853619,0.910938,0.726786,0.867
04/01/2017,Far Rockaway,0.945035,0.904545,0.838889,0.967
04/01/2017,Hempstead,0.936607,0.97,0.738889,0.96
04/01/2017,Huntington,0.889134,0.883333,0.707143,0.92
04/01/2017,Long Beach,0.934524,0.916667,0.827273,0.957
04/01/2017,Montauk,0.919259,0.94375,0.902778,0.918
04/01/2017,Oyster Bay,0.905682,0.935714,0.675,0.944
04/01/2017,Port Jefferson,0.913208,0.91875,0.828571,0.928
04/01/2017,Port Washington,0.897209,0.883333,0.684211,0.938
04/01/2017,Ronkonkoma,0.892274,0.858333,0.903333,0.898
04/01/2017,System Total,0.902566,0.907292,0.77439,0.925
04/01/2017,West Hempstead,0.948993,0.96,0.858333,0.968
05/01/2017,Babylon,0.875031,0.913352,0.78282,0.886
05/01/2017,Far Rockaway,0.949153,0.876033,0.934343,0.965
05/01/2017,Hempstead,0.937067,0.940909,0.808081,0.956
05/01/2017,Huntington,0.879503,0.887879,0.733766,0.904
05/01/2017,Long Beach,0.916947,0.935606,0.847107,0.926
05/01/2017,Montauk,0.889736,0.914773,0.836478,0.893
05/01/2017,Oyster Bay,0.894456,0.922078,0.719697,0.923
05/01/2017,Port Jefferson,0.887286,0.880682,0.803922,0.905
05/01/2017,Port Washington,0.845946,0.805556,0.667464,0.888
05/01/2017,Ronkonkoma,0.857562,0.840909,0.845455,0.864
05/01/2017,System Total,0.889511,0.888889,0.790094,0.909
05/01/2017,West Hempstead,0.946472,0.945455,0.856061,0.967
06/01/2017,Babylon,0.88185,0.911932,0.818035,0.889
06/01/2017,Far Rockaway,0.951884,0.859504,0.979798,0.965
06/01/2017,Hempstead,0.915501,0.927273,0.868687,0.921
06/01/2017,Huntington,0.865957,0.89697,0.756494,0.88
06/01/2017,Long Beach,0.91723,0.893939,0.896694,0.926
06/01/2017,Montauk,0.851622,0.829545,0.792683,0.864
06/01/2017,Oyster Bay,0.90592,0.941558,0.810606,0.917
06/01/2017,Port Jefferson,0.912118,0.886364,0.875817,0.926
06/01/2017,Port Washington,0.867152,0.856061,0.760766,0.891
06/01/2017,Ronkonkoma,0.859694,0.85101,0.887879,0.856
06/01/2017,System Total,0.890331,0.887626,0.835635,0.902
06/01/2017,West Hempstead,0.950249,0.936364,0.863636,0.973
07/01/2017,Babylon,0.926923,0.951563,0.89022,0.928
07/01/2017,Far Rockaway,0.959842,0.918182,0.966667,0.966
07/01/2017,Hempstead,0.954519,0.976852,0.882653,0.962
07/01/2017,Huntington,0.936336,0.964789,0.893939,0.938
07/01/2017,Long Beach,0.939616,0.914063,0.936364,0.945
07/01/2017,Montauk,0.858753,0.9375,0.890244,0.844
07/01/2017,Oyster Bay,0.946921,0.957143,0.916667,0.95
07/01/2017,Port Jefferson,0.928309,0.90625,0.907143,0.937
07/01/2017,Port Washington,0.937847,0.913889,0.896552,0.948
07/01/2017,Ronkonkoma,0.913263,0.936224,0.903333,0.91
07/01/2017,System Total,0.930775,0.934426,0.90521,0.934
07/01/2017,West Hempstead,0.946115,0.81,0.916667,0.976
08/01/2017,Babylon,0.934831,0.986413,0.877698,0.933
08/01/2017,Far Rockaway,0.973253,0.948617,0.975845,0.977
08/01/2017,Hempstead,0.965477,0.980237,0.965217,0.962
08/01/2017,Huntington,0.947368,0.944099,0.919732,0.953
08/01/2017,Long Beach,0.962431,0.986622,0.948617,0.959
08/01/2017,Montauk,0.881926,0.945652,0.891192,0.87
08/01/2017,Oyster Bay,0.963303,0.937888,0.927536,0.977
08/01/2017,Port Jefferson,0.942908,0.88587,0.944099,0.956
08/01/2017,Port Washington,0.902844,0.951691,0.828645,0.907
08/01/2017,Ronkonkoma,0.925091,0.941304,0.933333,0.919
08/01/2017,System Total,0.93788,0.955339,0.912745,0.939
08/01/2017,West Hempstead,0.966427,0.886957,0.956522,0.985
09/01/2017,Babylon,0.930533,0.9625,0.899461,0.929
09/01/2017,Far Rockaway,0.969662,0.963636,0.988889,0.968
09/01/2017,Hempstead,0.956258,0.945274,0.933702,0.961
09/01/2017,Huntington,0.932862,0.956522,0.896057,0.935
09/01/2017,Long Beach,0.950501,0.958506,0.954545,0.948
09/01/2017,Montauk,0.903022,0.925,0.853333,0.907
09/01/2017,Oyster Bay,0.956522,0.964286,0.9,0.965
09/01/2017,Port Jefferson,0.947214,0.93125,0.957143,0.949
09/01/2017,Port Washington,0.926305,0.95,0.904762,0.926
09/01/2017,Ronkonkoma,0.908404,0.936464,0.95,0.894
09/01/2017,System Total,0.936297,0.951786,0.920381,0.936
09/01/2017,West Hempstead,0.966667,0.96,0.925,0.977
10/01/2017,Babylon,0.931207,0.9375,0.943182,0.926
10/01/2017,Far Rockaway,0.968174,0.950413,0.949495,0.974
10/01/2017,Hempstead,0.960807,0.986364,0.939394,0.96
10/01/2017,Huntington,0.931444,0.960606,0.928571,0.926
10/01/2017,Long Beach,0.964286,0.969697,0.933884,0.969
10/01/2017,Montauk,0.908708,0.886364,0.893082,0.915
10/01/2017,Oyster Bay,0.919552,0.922078,0.893939,0.924
10/01/2017,Port Jefferson,0.926136,0.926136,0.948052,0.921
10/01/2017,Port Washington,0.950508,0.916667,0.944976,0.958
10/01/2017,Ronkonkoma,0.914441,0.856061,0.951515,0.921
10/01/2017,System Total,0.939046,0.928977,0.934188,0.942
10/01/2017,West Hempstead,0.954933,0.909091,0.871212,0.983
11/01/2017,Babylon,0.919706,0.93006,0.894558,0.923
11/01/2017,Far Rockaway,0.959561,0.939394,0.94709,0.965
11/01/2017,Hempstead,0.939901,0.938095,0.910053,0.945
11/01/2017,Huntington,0.876235,0.907937,0.789116,0.887
11/01/2017,Long Beach,0.951077,0.960317,0.930736,0.953
11/01/2017,Montauk,0.886628,0.809524,0.881579,0.9
11/01/2017,Oyster Bay,0.912111,0.931973,0.809524,0.927
11/01/2017,Port Jefferson,0.878025,0.892857,0.816327,0.887
11/01/2017,Port Washington,0.931882,0.912698,0.942356,0.933
11/01/2017,Ronkonkoma,0.877963,0.89418,0.860317,0.878
11/01/2017,System Total,0.916356,0.915675,0.884978,0.923
11/01/2017,West Hempstead,0.95202,0.914286,0.888889,0.973
12/01/2017,Babylon,0.87949,0.84375,0.841071,0.896
12/01/2017,Far Rockaway,0.963026,0.927273,0.955556,0.97
12/01/2017,Hempstead,0.927616,0.905,0.9,0.935
12/01/2017,Huntington,0.894603,0.856667,0.835714,0.91
12/01/2017,Long Beach,0.927303,0.891667,0.927273,0.934
12/01/2017,Montauk,0.839171,0.84375,0.793103,0.845
12/01/2017,Oyster Bay,0.889597,0.885714,0.791667,0.908
12/01/2017,Port Jefferson,0.854913,0.80625,0.842857,0.867
12/01/2017,Port Washington,0.917959,0.919444,0.871053,0.926
12/01/2017,Ronkonkoma,0.853107,0.822222,0.886288,0.854
12/01/2017,System Total,0.897211,0.867708,0.865473,0.908
12/01/2017,West Hempstead,0.934837,0.88,0.866667,0.958
01/01/2018,Babylon,0.810284,0.722787,0.719008,0.854
01/01/2018,Far Rockaway,0.885393,0.744589,0.835979,0.916
01/01/2018,Hempstead,0.846803,0.714286,0.777778,0.879
01/01/2018,Huntington,0.841189,0.742857,0.696751,0.881
01/01/2018,Long Beach,0.851491,0.72619,0.770563,0.891
01/01/2018,Montauk,0.822776,0.797619,0.675497,0.847
01/01/2018,Oyster Bay,0.84712,0.802721,0.68254,0.887
01/01/2018,Port Jefferson,0.830309,0.755952,0.727891,0.865
01/01/2018,Port Washington,0.876834,0.809524,0.756545,0.91
01/01/2018,Ronkonkoma,0.788991,0.675949,0.761905,0.828
01/01/2018,System Total,0.839443,0.739372,0.740321,0.878
01/01/2018,West Hempstead,0.860494,0.685714,0.730159,0.921
02/01/2018,Babylon,0.931773,0.936204,0.845735,0.951
02/01/2018,Far Rockaway,0.963009,0.942584,0.935673,0.97
02/01/2018,Hempstead,0.926569,0.915789,0.859649,0.938
02/01/2018,Huntington,0.917896,0.94386,0.813765,0.93
02/01/2018,Long Beach,0.942857,0.894737,0.91866,0.957
02/01/2018,Montauk,0.939826,0.973684,0.873134,0.944
02/01/2018,Oyster Bay,0.933951,0.992481,0.789474,0.948
02/01/2018,Port Jefferson,0.889908,0.914474,0.834586,0.895
02/01/2018,Port Washington,0.954236,0.973913,0.929825,0.955
02/01/2018,Ronkonkoma,0.903051,0.919668,0.814035,0.917
02/01/2018,System Total,0.932308,0.936622,0.864427,0.944
02/01/2018,West Hempstead,0.939891,0.873684,0.894737,0.962
03/01/2018,Babylon,0.878552,0.88292,0.786834,0.9
03/01/2018,Far Rockaway,0.938023,0.896694,0.909091,0.95
03/01/2018,Hempstead,0.880981,0.854545,0.772727,0.903
03/01/2018,Huntington,0.863796,0.878788,0.776224,0.876
03/01/2018,Long Beach,0.919592,0.912879,0.863636,0.932
03/01/2018,Montauk,0.904209,0.846591,0.839416,0.922
03/01/2018,Oyster Bay,0.850207,0.915584,0.674242,0.87
03/01/2018,Port Jefferson,0.834545,0.869318,0.746753,0.844
03/01/2018,Port Washington,0.880069,0.971292,0.863636,0.865
03/01/2018,Ronkonkoma,0.838208,0.837321,0.815152,0.844
03/01/2018,System Total,0.88071,0.888992,0.811467,0.892
03/01/2018,West Hempstead,0.902948,0.9,0.840909,0.918
04/01/2018,Babylon,0.932412,0.948052,0.914614,0.954653
04/01/2018,Far Rockaway,0.959524,0.952381,0.968254,0.973201
04/01/2018,Hempstead,0.944547,0.952381,0.883598,0.952614
04/01/2018,Huntington,0.925013,0.939683,0.941392,0.918513
04/01/2018,Long Beach,0.951205,0.952381,0.930736,0.954844
04/01/2018,Montauk,0.946975,0.928571,0.923077,0.95293
04/01/2018,Oyster Bay,0.932476,0.938776,0.888889,0.939394
04/01/2018,Port Jefferson,0.905605,0.892857,0.891156,0.911681
04/01/2018,Port Washington,0.931047,0.952381,0.902116,0.932339
04/01/2018,Ronkonkoma,0.920796,0.912281,0.965079,0.913972
04/01/2018,System Total,0.939607,0.93748,0.924438,0.942999
04/01/2018,West Hempstead,0.960859,0.885714,0.960317,0.975045
05/01/2018,Babylon,0.926434,0.907713,0.924051,0.932127
05/01/2018,Far Rockaway,0.942522,0.892562,0.994949,0.943787
05/01/2018,Hempstead,0.942163,0.959091,0.949495,0.938215
05/01/2018,Huntington,0.906221,0.878788,0.91958,0.909623
05/01/2018,Long Beach,0.941077,0.924242,0.971074,0.938871
05/01/2018,Montauk,0.914046,0.914773,0.884354,0.91787
05/01/2018,Oyster Bay,0.895661,0.922078,0.787879,0.910557
05/01/2018,Port Jefferson,0.898401,0.931818,0.888889,0.892371
05/01/2018,Port Washington,0.935274,0.902439,0.926768,0.943236
05/01/2018,Ronkonkoma,0.886824,0.882775,0.945455,0.875926
05/01/2018,System Total,0.922598,0.907936,0.927266,0.924873
05/01/2018,West Hempstead,0.958904,0.936364,0.931818,0.969697
06/01/2018,Babylon,0.930747,0.939883,0.922559,0.930214
06/01/2018,Far Rockaway,0.968568,0.911894,0.973404,0.977744
06/01/2018,Hempstead,0.938534,0.957143,0.946809,0.934312
06/01/2018,Huntington,0.892907,0.909968,0.892193,0.889606
06/01/2018,Long Beach,0.949971,0.935743,0.952174,0.952381
06/01/2018,Montauk,0.856357,0.872727,0.828947,0.857645
06/01/2018,Oyster Bay,0.917749,0.923611,0.848,0.929771
06/01/2018,Port Jefferson,0.935516,0.951807,0.896552,0.939742
06/01/2018,Port Washington,0.920861,0.951613,0.880319,0.922768
06/01/2018,Ronkonkoma,0.882664,0.890585,0.933333,0.87043
06/01/2018,System Total,0.921108,0.924909,0.913525,0.921729
06/01/2018,West Hempstead,0.963446,0.884615,0.943548,0.983271
07/01/2018,Babylon,0.878226,0.842486,0.854515,0.892632
07/01/2018,Far Rockaway,0.952462,0.839827,0.957672,0.971047
07/01/2018,Hempstead,0.934475,0.890476,0.941799,0.940541
07/01/2018,Huntington,0.874141,0.831746,0.875,0.881708
07/01/2018,Long Beach,0.913641,0.900794,0.900433,0.918352
07/01/2018,Montauk,0.840347,0.815476,0.826923,0.845695
07/01/2018,Oyster Bay,0.913089,0.897959,0.809524,0.935484
07/01/2018,Port Jefferson,0.882297,0.821429,0.863946,0.9
07/01/2018,Port Washington,0.885037,0.892183,0.776536,0.902288
07/01/2018,Ronkonkoma,0.828779,0.789474,0.904762,0.82371
07/01/2018,System Total,0.889105,0.850229,0.867772,0.90066
07/01/2018,West Hempstead,0.95679,0.895238,0.888889,0.982729
08/01/2018,Babylon,0.877342,0.869565,0.833333,0.890208
08/01/2018,Far Rockaway,0.952381,0.909091,0.927536,0.964339
08/01/2018,Hempstead,0.922894,0.869565,0.913043,0.934347
08/01/2018,Huntington,0.862113,0.881159,0.795031,0.871162
08/01/2018,Long Beach,0.91653,0.934783,0.849802,0.925613
08/01/2018,Montauk,0.833667,0.831522,0.783626,0.841506
08/01/2018,Oyster Bay,0.900102,0.869565,0.789855,0.929619
08/01/2018,Port Jefferson,0.888372,0.869565,0.782609,0.916438
08/01/2018,Port Washington,0.837589,0.86445,0.724036,0.85086
08/01/2018,Ronkonkoma,0.777685,0.784897,0.777448,0.775799
08/01/2018,System Total,0.873707,0.867166,0.817094,0.886109
08/01/2018,West Hempstead,0.944844,0.921739,0.855072,0.97074
09/01/2018,Babylon,0.917573,0.921053,0.955166,0.909198
09/01/2018,Far Rockaway,0.965741,0.889952,0.994152,0.974105
09/01/2018,Hempstead,0.96328,0.947368,0.947368,0.967793
09/01/2018,Huntington,0.91696,0.884211,0.909774,0.923478
09/01/2018,Long Beach,0.937866,0.899123,0.961538,0.940945
09/01/2018,Montauk,0.904459,0.888158,0.87234,0.910714
09/01/2018,Oyster Bay,0.936053,0.909774,0.903509,0.94697
09/01/2018,Port Jefferson,0.910784,0.901316,0.902256,0.914286
09/01/2018,Port Washington,0.908508,0.891813,0.900277,0.912631
09/01/2018,Ronkonkoma,0.882569,0.833333,0.859649,0.897618
09/01/2018,System Total,0.923613,0.896564,0.923698,0.928576
09/01/2018,West Hempstead,0.972656,0.915789,0.947368,0.987478
10/01/2018,Babylon,0.936074,0.936141,0.917874,0.94035
10/01/2018,Far Rockaway,0.958472,0.909091,0.937198,0.971025
10/01/2018,Hempstead,0.95819,0.943478,0.917874,0.96715
10/01/2018,Huntington,0.922614,0.915942,0.878882,0.932489
10/01/2018,Long Beach,0.942857,0.945652,0.913043,0.948248
10/01/2018,Montauk,0.923741,0.875,0.873494,0.940385
10/01/2018,Oyster Bay,0.921776,0.888199,0.804348,0.955178
10/01/2018,Port Jefferson,0.885489,0.869565,0.863354,0.89521
10/01/2018,Port Washington,0.932818,0.874396,0.965675,0.937441
10/01/2018,Ronkonkoma,0.904081,0.871981,0.907246,0.911619
10/01/2018,System Total,0.931946,0.909118,0.909516,0.94154
10/01/2018,West Hempstead,0.960432,0.965217,0.913043,0.97074
11/01/2018,Babylon,0.844433,0.842262,0.813051,0.851953
11/01/2018,Far Rockaway,0.912189,0.813853,0.899471,0.93135
11/01/2018,Hempstead,0.902167,0.880952,0.835979,0.916118
11/01/2018,Huntington,0.852928,0.838095,0.765306,0.872436
11/01/2018,Long Beach,0.888695,0.873016,0.883117,0.892944
11/01/2018,Montauk,0.858182,0.815476,0.72549,0.88425
11/01/2018,Oyster Bay,0.832797,0.816327,0.698413,0.862121
11/01/2018,Port Jefferson,0.799624,0.833333,0.741497,0.803476
11/01/2018,Port Washington,0.889006,0.883598,0.837093,0.9
11/01/2018,Ronkonkoma,0.867167,0.812169,0.825397,0.888748
11/01/2018,System Total,0.86866,0.844246,0.814693,0.883886
11/01/2018,West Hempstead,0.905303,0.87619,0.865079,0.919786
12/01/2018,Babylon,0.92695,0.915625,0.912963,0.932529
12/01/2018,Far Rockaway,0.966515,0.890909,0.966667,0.978708
12/01/2018,Hempstead,0.964134,0.945,0.944444,0.96996
12/01/2018,Huntington,0.91415,0.886667,0.835714,0.93153
12/01/2018,Long Beach,0.950111,0.933333,0.963636,0.950893
12/01/2018,Montauk,0.942019,0.8875,0.909722,0.954254
12/01/2018,Oyster Bay,0.930998,0.864286,0.875,0.954545
12/01/2018,Port Jefferson,0.884298,0.825,0.835714,0.904943
12/01/2018,Port Washington,0.934873,0.877778,0.936842,0.944033
12/01/2018,Ronkonkoma,0.923283,0.844444,0.97,0.932364
12/01/2018,System Total,0.93469,0.891319,0.920123,0.94537
12/01/2018,West Hempstead,0.957393,0.91,0.941667,0.968858
01/01/2019,Babylon,0.927268,0.886584,0.909244,0.942542
01/01/2019,Far Rockaway,0.966178,0.883408,0.969697,0.979305
01/01/2019,Hempstead,0.933612,0.913636,0.838384,0.952153
01/01/2019,Huntington,0.90447,0.809091,0.885813,0.926639
01/01/2019,Long Beach,0.950142,0.901515,0.950413,0.960286
01/01/2019,Montauk,0.91289,0.789773,0.892405,0.935993
01/01/2019,Oyster Bay,0.919421,0.844156,0.893939,0.941349
01/01/2019,Port Jefferson,0.867821,0.801136,0.857143,0.885267
01/01/2019,Port Washington,0.940695,0.89899,0.937343,0.949042
01/01/2019,Ronkonkoma,0.906143,0.775904,0.948485,0.931207
01/01/2019,System Total,0.927056,0.856919,0.915104,0.944207
01/01/2019,West Hempstead,0.96472,0.9,0.939394,0.982759
02/01/2019,Babylon,0.927721,0.910686,0.843985,0.951034
02/01/2019,Far Rockaway,0.961514,0.884211,0.959064,0.973856
02/01/2019,Hempstead,0.947931,0.915789,0.883041,0.963061
02/01/2019,Huntington,0.871658,0.838596,0.773279,0.89377
02/01/2019,Long Beach,0.950476,0.907895,0.942584,0.960457
02/01/2019,Montauk,0.917685,0.861842,0.883212,0.93177
02/01/2019,Oyster Bay,0.937428,0.894737,0.885965,0.956169
02/01/2019,Port Jefferson,0.897281,0.848684,0.849624,0.916667
02/01/2019,Port Washington,0.924271,0.880117,0.915205,0.933572
02/01/2019,Ronkonkoma,0.872788,0.822715,0.863158,0.887197
02/01/2019,System Total,0.920756,0.877677,0.878208,0.937187
02/01/2019,West Hempstead,0.959016,0.863158,0.964912,0.975143
03/01/2019,Babylon,0.947342,0.92785,0.930272,0.95629
03/01/2019,Far Rockaway,0.976014,0.942857,0.984127,0.98003
03/01/2019,Hempstead,0.943237,0.942857,0.904762,0.949085
03/01/2019,Huntington,0.934906,0.933333,0.897436,0.941211
03/01/2019,Long Beach,0.959266,0.956349,0.965368,0.95873
03/01/2019,Montauk,0.918266,0.875,0.934211,0.922723
03/01/2019,Oyster Bay,0.961257,0.938776,0.936508,0.970674
03/01/2019,Port Jefferson,0.898999,0.892857,0.891156,0.901786
03/01/2019,Port Washington,0.955525,0.97619,0.910053,0.959852
03/01/2019,Ronkonkoma,0.936675,0.887218,0.955556,0.945513
03/01/2019,System Total,0.946296,0.929064,0.932203,0.952321
03/01/2019,West Hempstead,0.976514,0.92381,0.968254,0.987889
04/01/2019,Babylon,0.957862,0.955923,0.948052,0.960784
04/01/2019,Far Rockaway,0.973883,0.931818,0.989899,0.978544
04/01/2019,Hempstead,0.9438,0.95,0.979798,0.936833
04/01/2019,Huntington,0.945504,0.963636,0.951049,0.940731
04/01/2019,Long Beach,0.965157,0.958333,0.979339,0.963816
04/01/2019,Montauk,0.919222,0.892045,0.955696,0.918245
04/01/2019,Oyster Bay,0.948203,0.961039,0.909091,0.95303
04/01/2019,Port Jefferson,0.931648,0.943182,0.954545,0.924119
04/01/2019,Port Washington,0.955641,0.969697,0.972222,0.949783
04/01/2019,Ronkonkoma,0.953499,0.921053,0.987879,0.954967
04/01/2019,System Total,0.95267,0.945455,0.964814,0.951872
04/01/2019,West Hempstead,0.968905,0.881818,0.984848,0.982206
05/01/2019,Babylon,0.957623,0.979339,0.919804,0.960392
05/01/2019,Far Rockaway,0.973019,0.960699,0.984848,0.973373
05/01/2019,Hempstead,0.942741,0.968182,0.883838,0.947368
05/01/2019,Huntington,0.945534,0.975758,0.844068,0.957485
05/01/2019,Long Beach,0.95679,0.954545,0.954545,0.95768
05/01/2019,Montauk,0.90473,0.965909,0.900621,0.895888
05/01/2019,Oyster Bay,0.958678,0.993506,0.909091,0.960411
05/01/2019,Port Jefferson,0.901802,0.9375,0.831169,0.907692
05/01/2019,Port Washington,0.950321,0.967172,0.925926,0.951807
05/01/2019,Ronkonkoma,0.945183,0.935407,0.89697,0.956722
05/01/2019,System Total,0.948114,0.963739,0.910777,0.951813
05/01/2019,West Hempstead,0.976886,0.936364,0.962121,0.987931
06/19/2019,Babylon,0.927273,0.922727,0.921533,0.929551
06/19/2019,Far Rockaway,0.963785,0.904545,0.966667,0.973323
06/19/2019,Hempstead,0.923488,0.9,0.933333,0.925727
06/19/2019,Huntington,0.874235,0.916667,0.807143,0.878159
06/19/2019,Long Beach,0.943678,0.920833,0.963636,0.944531
06/19/2019,Montauk,0.862,0.9,0.844595,0.860061
06/19/2019,Oyster Bay,0.912907,0.9,0.833333,0.929293
06/19/2019,Port Jefferson,0.857003,0.88125,0.814286,0.859917
06/19/2019,Port Washington,0.946157,0.963889,0.942105,0.943831
06/19/2019,Ronkonkoma,0.870811,0.876316,0.86,0.871537
06/19/2019,System Total,0.914006,0.912329,0.899083,0.916915
06/19/2019,West Hempstead,0.952564,0.89,0.933333,0.967857
07/01/2019,Babylon,0.895,0.893,0.868,0.901
07/01/2019,Far Rockaway,0.952,0.895,0.944,0.962
07/01/2019,Hempstead,0.915,0.927,0.843,0.924
07/01/2019,Huntington,0.874,0.903,0.795,0.883
07/01/2019,Long Beach,0.935,0.928,0.955,0.932
07/01/2019,Montauk,0.812,0.869,0.827,0.802
07/01/2019,Oyster Bay,0.917,0.896,0.902,0.924
07/01/2019,Port Jefferson,0.869,0.875,0.825,0.878
07/01/2019,Port Washington,0.922,0.917,0.909,0.926
07/01/2019,Ronkonkoma,0.869,0.878,0.876,0.866
07/01/2019,System Total,0.899,0.898,0.878,0.903
07/01/2019,West Hempstead,0.955,0.891,0.932,0.972
08/01/2019,Babylon,0.927,0.959,0.884,0.927
08/01/2019,Far Rockaway,0.975,0.955,0.995,0.976
08/01/2019,Hempstead,0.939,0.977,0.955,0.929
08/01/2019,Huntington,0.898,0.948,0.906,0.886
08/01/2019,Long Beach,0.943,0.97,0.913,0.943
08/01/2019,Montauk,0.85,0.943,0.793,0.845
08/01/2019,Oyster Bay,0.942,0.955,0.894,0.948
08/01/2019,Port Jefferson,0.909,0.949,0.916,0.896
08/01/2019,Port Washington,0.92,0.937,0.9,0.921
08/01/2019,Ronkonkoma,0.895,0.921,0.936,0.88
08/01/2019,System Total,0.921,0.95,0.908,0.918
08/01/2019,West Hempstead,0.972,0.945,0.917,0.99
09/01/2019,Babylon,0.91,0.892,0.907,0.915
09/01/2019,Far Rockaway,0.96,0.905,0.95,0.97
09/01/2019,Hempstead,0.919,0.9,0.839,0.932
09/01/2019,Huntington,0.863,0.873,0.825,0.869
09/01/2019,Long Beach,0.935,0.888,0.923,0.946
09/01/2019,Montauk,0.853,0.856,0.824,0.856
09/01/2019,Oyster Bay,0.884,0.843,0.775,0.913
09/01/2019,Port Jefferson,0.82,0.788,0.836,0.825
09/01/2019,Port Washington,0.936,0.958,0.866,0.945
09/01/2019,Ronkonkoma,0.881,0.845,0.88,0.89
09/01/2019,System Total,0.905,0.884,0.876,0.914
09/01/2019,West Hempstead,0.96,0.91,0.933,0.975
10/01/2019,Babylon,0.926,0.937,0.93,0.922
10/01/2019,Far Rockaway,0.972,0.937,0.981,0.978
10/01/2019,Hempstead,0.923,0.926,0.908,0.925
10/01/2019,Huntington,0.886,0.904,0.857,0.888
10/01/2019,Long Beach,0.955,0.949,0.976,0.951
10/01/2019,Montauk,0.851,0.902,0.82,0.848
10/01/2019,Oyster Bay,0.909,0.969,0.891,0.898
10/01/2019,Port Jefferson,0.845,0.837,0.845,0.846
10/01/2019,Port Washington,0.939,0.93,0.934,0.942
10/01/2019,Ronkonkoma,0.902,0.876,0.887,0.911
10/01/2019,System Total,0.918,0.919,0.913,0.919
10/01/2019,West Hempstead,0.966,0.93,0.957,0.976
11/01/2019,Babylon,0.911,0.88,0.921,0.917
11/01/2019,Far Rockaway,0.957,0.927,0.972,0.96
11/01/2019,Hempstead,0.904,0.88,0.889,0.91
11/01/2019,Huntington,0.868,0.873,0.854,0.869
11/01/2019,Long Beach,0.932,0.912,0.923,0.938
11/01/2019,Montauk,0.875,0.838,0.884,0.88
11/01/2019,Oyster Bay,0.924,0.886,0.925,0.932
11/01/2019,Port Jefferson,0.817,0.825,0.836,0.812
11/01/2019,Port Washington,0.944,0.942,0.934,0.946
11/01/2019,Ronkonkoma,0.886,0.824,0.917,0.895
11/01/2019,System Total,0.907,0.88,0.912,0.912
11/01/2019,West Hempstead,0.942,0.86,0.967,0.952
12/01/2019,Babylon,0.917,0.896,0.903,0.926
12/01/2019,Far Rockaway,0.961,0.931,0.968,0.965
12/01/2019,Hempstead,0.913,0.895,0.915,0.916
12/01/2019,Huntington,0.915,0.927,0.857,0.922
12/01/2019,Long Beach,0.928,0.865,0.944,0.938
12/01/2019,Montauk,0.93,0.851,0.907,0.944
12/01/2019,Oyster Bay,0.945,0.932,0.96,0.945
12/01/2019,Port Jefferson,0.895,0.899,0.891,0.896
12/01/2019,Port Washington,0.94,0.915,0.895,0.952
12/01/2019,Ronkonkoma,0.916,0.9,0.949,0.913
12/01/2019,System Total,0.927,0.902,0.915,0.934
12/01/2019,West Hempstead,0.962,0.905,0.952,0.974
01/01/2020,Babylon,0.938,0.931,0.931,0.942
01/01/2020,Far Rockaway,0.962,0.941,0.96,0.965
01/01/2020,Hempstead,0.924,0.95,0.783,0.941
01/01/2020,Huntington,0.913,0.918,0.844,0.925
01/01/2020,Long Beach,0.916,0.898,0.942,0.914
01/01/2020,Montauk,0.913,0.824,0.975,0.918
01/01/2020,Oyster Bay,0.945,0.916,0.924,0.957
01/01/2020,Port Jefferson,0.865,0.858,0.864,0.868
01/01/2020,Port Washington,0.971,0.949,0.957,0.977
01/01/2020,Ronkonkoma,0.919,0.883,0.948,0.922
01/01/2020,System Total,0.933,0.913,0.92,0.939
01/01/2020,West Hempstead,0.961,0.891,0.947,0.978
02/01/2020,Babylon,0.94,0.954,0.889,0.947
02/01/2020,Far Rockaway,0.972,0.942,0.953,0.979
02/01/2020,Hempstead,0.946,0.932,0.889,0.955
02/01/2020,Huntington,0.924,0.919,0.789,0.946
02/01/2020,Long Beach,0.955,0.974,0.904,0.961
02/01/2020,Montauk,0.922,0.914,0.898,0.925
02/01/2020,Oyster Bay,0.949,0.91,0.904,0.967
02/01/2020,Port Jefferson,0.911,0.901,0.857,0.924
02/01/2020,Port Washington,0.964,0.933,0.953,0.971
02/01/2020,Ronkonkoma,0.926,0.903,0.905,0.935
02/01/2020,System Total,0.943,0.933,0.898,0.953
02/01/2020,West Hempstead,0.968,0.947,0.956,0.974
03/01/2020,Babylon,0.956,0.888,0.963,0.971
03/01/2020,Far Rockaway,0.982,0.961,0.988,0.984
03/01/2020,Hempstead,0.956,0.958,0.906,0.963
03/01/2020,Huntington,0.936,0.926,0.908,0.942
03/01/2020,Long Beach,0.947,0.943,0.914,0.953
03/01/2020,Montauk,0.959,0.908,0.971,0.965
03/01/2020,Oyster Bay,0.964,0.962,0.956,0.966
03/01/2020,Port Jefferson,0.913,0.928,0.895,0.913
03/01/2020,Port Washington,0.97,0.95,0.963,0.975
03/01/2020,Ronkonkoma,0.925,0.889,0.94,0.93
03/01/2020,System Total,0.953,0.923,0.945,0.96
03/01/2020,West Hempstead,0.978,0.937,0.965,0.988
04/01/2020,Babylon,0.99,0,0,0.99
04/01/2020,Far Rockaway,0.99,0,0,0.99
04/01/2020,Hempstead,0.993,0,0,0.993
04/01/2020,Huntington,0.987,0,0,0.987
04/01/2020,Long Beach,0.969,0,0,0.969
04/01/2020,Montauk,0.985,0,0,0.985
04/01/2020,Oyster Bay,0.978,0,0,0.978
04/01/2020,Port Jefferson,0.966,0,0,0.966
04/01/2020,Port Washington,0.985,0,0,0.985
04/01/2020,Ronkonkoma,0.981,0,0,0.981
04/01/2020,System Total,0.983,0,0,0.983
04/01/2020,West Hempstead,0.932,0,0,0.932
05/01/2020,Babylon,0.992,0,0,0.992
05/01/2020,Far Rockaway,0.996,0,0,0.996
05/01/2020,Hempstead,0.991,0,0,0.991
05/01/2020,Huntington,0.985,0,0,0.985
05/01/2020,Long Beach,0.991,0,0,0.991
05/01/2020,Montauk,0.974,0,0,0.974
05/01/2020,Oyster Bay,0.97,0,0,0.97
05/01/2020,Port Jefferson,0.985,0,0,0.985
05/01/2020,Port Washington,0.976,0,0,0.976
05/01/2020,Ronkonkoma,0.982,0,0,0.982
05/01/2020,System Total,0.985,0,0,0.985
05/01/2020,West Hempstead,0.988,0,0,0.988
06/01/2020,Babylon,0.987,0.983,0.99,0.987
06/01/2020,Far Rockaway,0.989,0.988,0.993,0.989
06/01/2020,Hempstead,0.988,1,0.993,0.985
06/01/2020,Huntington,0.963,0.983,0.911,0.968
06/01/2020,Long Beach,0.987,0.989,0.988,0.986
06/01/2020,Montauk,0.941,0.95,0.951,0.94
06/01/2020,Oyster Bay,0.96,0.99,0.985,0.952
06/01/2020,Port Jefferson,0.953,0.975,0.877,0.962
06/01/2020,Port Washington,0.986,1,0.993,0.983
06/01/2020,Ronkonkoma,0.962,0.978,0.946,0.962
06/01/2020,System Total,0.975,0.985,0.969,0.975
06/01/2020,West Hempstead,0.984,1,1,0.98
07/01/2020,Babylon,0.976,0.986,0.964,0.976
07/01/2020,Far Rockaway,0.98,0.983,0.971,0.971
07/01/2020,Hempstead,0.967,0.976,0.967,0.967
07/01/2020,Huntington,0.944,0.966,0.907,0.948
07/01/2020,Long Beach,0.976,0.992,0.943,0.979
07/01/2020,Montauk,0.93,0.932,0.936,0.929
07/01/2020,Oyster Bay,0.955,0.957,0.946,0.955
07/01/2020,Port Jefferson,0.928,0.901,0.901,0.94
07/01/2020,Port Washington,0.966,0.961,0.962,0.968
07/01/2020,Ronkonkoma,0.95,0.951,0.946,0.951
07/01/2020,System Total,0.962,0.966,0.949,0.949
07/01/2020,West Hempstead,0.986,0.957,0.974,0.974
08/01/2020,Babylon,0.946,0.944,0.935,0.948
08/01/2020,Far Rockaway,0.968,0.957,0.937,0.974
08/01/2020,Hempstead,0.951,0.963,0.926,0.953
08/01/2020,Huntington,0.923,0.922,0.898,0.928
08/01/2020,Long Beach,0.951,0.965,0.943,0.95
08/01/2020,Montauk,0.878,0.83,0.881,0.884
08/01/2020,Oyster Bay,0.933,0.952,0.893,0.935
08/01/2020,Port Jefferson,0.895,0.912,0.837,0.904
08/01/2020,Port Washington,0.927,0.965,0.919,0.922
08/01/2020,Ronkonkoma,0.916,0.872,0.908,0.926
08/01/2020,System Total,0.933,0.931,0.916,0.937
08/01/2020,West Hempstead,0.964,0.929,0.952,0.971
09/01/2020,Babylon,0.974,0.971,0.976,0.975
09/01/2020,Far Rockaway,0.99,0.986,0.995,0.99
09/01/2020,Hempstead,0.982,0.968,0.988,0.984
09/01/2020,Huntington,0.971,0.952,0.983,0.973
09/01/2020,Long Beach,0.982,0.961,0.995,0.984
09/01/2020,Montauk,0.943,0.925,0.933,0.946
09/01/2020,Oyster Bay,0.98,0.976,1,0.978
09/01/2020,Port Jefferson,0.964,0.946,0.986,0.963
09/01/2020,Port Washington,0.996,1,1,0.995
09/01/2020,Ronkonkoma,0.964,0.923,0.996,0.968
09/01/2020,System Total,0.977,0.963,0.987,0.978
09/01/2020,West Hempstead,0.993,0.964,0.99,0.998
10/01/2020,Babylon,0.976,0.945,0.989,0.98
10/01/2020,Far Rockaway,0.989,0.95,1,0.994
10/01/2020,Hempstead,0.978,0.96,1,0.977
10/01/2020,Huntington,0.955,0.916,0.955,0.965
10/01/2020,Long Beach,0.979,0.963,0.995,0.979
10/01/2020,Montauk,0.951,0.948,0.982,0.949
10/01/2020,Oyster Bay,0.982,0.977,0.989,0.982
10/01/2020,Port Jefferson,0.946,0.903,0.974,0.95
10/01/2020,Port Washington,0.987,0.987,0.982,0.987
10/01/2020,Ronkonkoma,0.953,0.898,0.983,0.96
10/01/2020,System Total,0.972,0.945,0.984,0.975
10/01/2020,West Hempstead,0.992,0.977,1,0.993
11/01/2020,Babylon,0.952,0.896,0.985,0.958
11/01/2020,Far Rockaway,0.975,0.9,1,0.982
11/01/2020,Hempstead,0.974,0.956,0.981,0.975
11/01/2020,Huntington,0.935,0.929,0.921,0.939
11/01/2020,Long Beach,0.963,0.905,1,0.968
11/01/2020,Montauk,0.942,0.886,0.95,0.949
11/01/2020,Oyster Bay,0.948,0.908,0.938,0.957
11/01/2020,Port Jefferson,0.899,0.886,0.914,0.898
11/01/2020,Port Washington,0.969,0.944,0.994,0.968
11/01/2020,Ronkonkoma,0.921,0.869,0.958,0.926
11/01/2020,System Total,0.952,0.909,0.971,0.956
11/01/2020,West Hempstead,0.986,0.962,0.99,0.989
12/01/2020,Babylon,0.96,0.978,0.933,0.961
12/01/2020,Far Rockaway,0.977,0.981,0.958,0.979
12/01/2020,Hempstead,0.951,0.958,0.94,0.952
12/01/2020,Huntington,0.952,0.976,0.901,0.957
12/01/2020,Long Beach,0.973,0.978,0.967,0.974
12/01/2020,Montauk,0.938,0.844,0.943,0.95
12/01/2020,Oyster Bay,0.972,0.984,0.905,0.979
12/01/2020,Port Jefferson,0.921,0.932,0.912,0.92
12/01/2020,Port Washington,0.956,0.972,0.939,0.957
12/01/2020,Ronkonkoma,0.939,0.958,0.938,0.935
12/01/2020,System Total,0.956,0.964,0.934,0.958
12/01/2020,West Hempstead,0.973,0.976,0.943,0.978
01/01/2021,Babylon,0.961,0.924,0.978,0.966
01/01/2021,Far Rockaway,0.984,0.99,0.994,0.982
01/01/2021,Hempstead,0.981,0.994,0.993,0.977
01/01/2021,Huntington,0.975,0.977,0.985,0.972
01/01/2021,Long Beach,0.981,0.967,0.995,0.981
01/01/2021,Montauk,0.95,0.929,0.96,0.951
01/01/2021,Oyster Bay,0.979,0.983,1,0.975
01/01/2021,Port Jefferson,0.955,0.943,0.964,0.955
01/01/2021,Port Washington,0.986,0.973,1,0.986
01/01/2021,Ronkonkoma,0.96,0.959,0.996,0.954
01/01/2021,System Total,0.972,0.96,0.987,0.972
01/01/2021,West Hempstead,0.988,0.975,0.98,0.991
02/01/2021,Babylon,0.965,0.957,0.99,0.963
02/01/2021,Far Rockaway,0.975,0.974,1,0.973
02/01/2021,Hempstead,0.957,0.95,0.99,0.955
02/01/2021,Huntington,0.946,0.925,0.971,0.945
02/01/2021,Long Beach,0.965,0.976,0.985,0.961
02/01/2021,Montauk,0.932,0.933,0.988,0.927
02/01/2021,Oyster Bay,0.955,0.929,0.985,0.955
02/01/2021,Port Jefferson,0.934,0.924,0.958,0.932
02/01/2021,Port Washington,0.975,0.967,0.995,0.974
02/01/2021,Ronkonkoma,0.934,0.941,0.936,0.932
02/01/2021,System Total,0.957,0.951,0.977,0.955
02/01/2021,West Hempstead,0.968,1,0.953,0.966
03/01/2021,Babylon,0.977,0.981,0.986,0.976
03/01/2021,Far Rockaway,0.981,0.981,0.991,0.98
03/01/2021,Hempstead,0.976,0.974,0.992,0.974
03/01/2021,Huntington,0.934,0.921,0.941,0.934
03/01/2021,Long Beach,0.972,0.987,0.978,0.969
03/01/2021,Montauk,0.944,0.977,0.96,0.937
03/01/2021,Oyster Bay,0.915,0.953,0.987,0.897
03/01/2021,Port Jefferson,0.917,0.922,0.931,0.914
03/01/2021,Port Washington,0.908,0.872,0.829,0.924
03/01/2021,Ronkonkoma,0.928,0.922,0.957,0.925
03/01/2021,System Total,0.951,0.95,0.953,0.95
03/01/2021,West Hempstead,0.991,0.961,0.988,0.996
04/01/2021,Babylon,0.978,0.995,0.984,0.974
04/01/2021,Far Rockaway,0.979,0.995,0.981,0.977
04/01/2021,Hempstead,0.951,0.987,0.947,0.947
04/01/2021,Huntington,0.974,0.979,0.982,0.972
04/01/2021,Long Beach,0.981,0.991,1,0.976
04/01/2021,Montauk,0.934,0.968,0.955,0.927
04/01/2021,Oyster Bay,0.98,0.991,1,0.975
04/01/2021,Port Jefferson,0.955,0.987,0.935,0.953
04/01/2021,Port Washington,0.918,0.899,0.851,0.933
04/01/2021,Ronkonkoma,0.977,0.991,0.992,0.971
04/01/2021,System Total,0.965,0.981,0.964,0.963
04/01/2021,West Hempstead,0.988,1,1,0.983
05/01/2021,Babylon,0.98,0.995,1,0.975
05/01/2021,Far Rockaway,0.986,1,1,0.983
05/01/2021,Hempstead,0.967,0.993,0.983,0.963
05/01/2021,Huntington,0.938,0.918,0.96,0.938
05/01/2021,Long Beach,0.969,1,0.981,0.962
05/01/2021,Montauk,0.943,0.921,0.98,0.942
05/01/2021,Oyster Bay,0.963,0.98,0.988,0.957
05/01/2021,Port Jefferson,0.921,0.929,0.943,0.915
05/01/2021,Port Washington,0.929,0.883,0.95,0.932
05/01/2021,Ronkonkoma,0.94,0.916,0.962,0.941
05/01/2021,System Total,0.958,0.956,0.976,0.956
05/01/2021,West Hempstead,0.993,1,1,0.991
06/01/2021,Babylon,0.96,0.904,0.989,0.965
06/01/2021,Far Rockaway,0.986,0.995,1,0.983
06/01/2021,Hempstead,0.979,0.981,1,0.977
06/01/2021,Huntington,0.962,0.971,0.986,0.956
06/01/2021,Long Beach,0.983,0.995,0.994,0.979
06/01/2021,Montauk,0.908,0.974,0.956,0.895
06/01/2021,Oyster Bay,0.961,0.973,0.955,0.96
06/01/2021,Port Jefferson,0.94,0.974,0.968,0.926
06/01/2021,Port Washington,0.969,0.939,0.98,0.971
06/01/2021,Ronkonkoma,0.967,0.96,0.985,0.966
06/01/2021,System Total,0.964,0.96,0.984,0.962
06/01/2021,West Hempstead,0.989,0.966,0.991,0.993
07/01/2021,Babylon,0.97,0.982,0.989,0.966
07/01/2021,Far Rockaway,0.984,0.984,0.993,0.983
07/01/2021,Hempstead,0.962,0.993,0.968,0.957
07/01/2021,Huntington,0.962,0.974,0.995,0.956
07/01/2021,Long Beach,0.977,0.986,0.988,0.974
07/01/2021,Montauk,0.927,0.966,0.936,0.922
07/01/2021,Oyster Bay,0.935,0.952,0.964,0.929
07/01/2021,Port Jefferson,0.917,0.966,0.884,0.914
07/01/2021,Port Washington,0.978,0.958,0.981,0.98
07/01/2021,Ronkonkoma,0.965,0.97,0.984,0.961
07/01/2021,System Total,0.963,0.976,0.974,0.96
07/01/2021,West Hempstead,0.989,1,0.971,0.991
08/01/2021,Babylon,0.988,0.99,0.992,0.987
08/01/2021,Far Rockaway,0.983,0.98,1,0.982
08/01/2021,Hempstead,0.979,0.968,0.992,0.979
08/01/2021,Huntington,0.962,0.946,0.964,0.964
08/01/2021,Long Beach,0.984,0.986,1,0.981
08/01/2021,Montauk,0.925,0.942,0.947,0.92
08/01/2021,Oyster Bay,0.958,0.936,0.977,0.958
08/01/2021,Port Jefferson,0.945,0.948,0.981,0.937
08/01/2021,Port Washington,0.982,0.96,0.996,0.983
08/01/2021,Ronkonkoma,0.962,0.926,0.977,0.967
08/01/2021,System Total,0.971,0.962,0.984,0.97
08/01/2021,West Hempstead,0.988,0.989,0.982,0.989
09/01/2021,Babylon,0.947,0.952,0.972,0.943
09/01/2021,Far Rockaway,0.975,0.952,1,0.976
09/01/2021,Hempstead,0.961,0.973,0.992,0.957
09/01/2021,Huntington,0.953,0.918,0.995,0.952
09/01/2021,Long Beach,0.966,0.948,0.988,0.966
09/01/2021,Montauk,0.904,0.878,0.945,0.904
09/01/2021,Oyster Bay,0.941,0.962,0.976,0.931
09/01/2021,Port Jefferson,0.942,0.946,0.986,0.931
09/01/2021,Port Washington,0.939,0.921,0.952,0.939
09/01/2021,Ronkonkoma,0.968,0.938,0.988,0.972
09/01/2021,System Total,0.951,0.94,0.979,0.949
09/01/2021,West Hempstead,0.982,0.976,0.981,0.983
10/01/2021,Babylon,0.983,0.995,0.989,0.981
10/01/2021,Far Rockaway,0.991,1,1,0.989
10/01/2021,Hempstead,0.987,0.993,0.976,0.988
10/01/2021,Huntington,0.978,0.983,0.986,0.977
10/01/2021,Long Beach,0.981,0.986,0.982,0.98
10/01/2021,Montauk,0.947,0.973,0.964,0.943
10/01/2021,Oyster Bay,0.98,0.962,0.988,0.982
10/01/2021,Port Jefferson,0.961,0.973,0.986,0.954
10/01/2021,Port Washington,0.981,0.974,0.984,0.981
10/01/2021,Ronkonkoma,0.973,0.979,0.984,0.97
10/01/2021,System Total,0.978,0.984,0.986,0.976
10/01/2021,West Hempstead,0.993,0.988,1,0.993
11/01/2021,Babylon,0.961,0.967,0.992,0.955
11/01/2021,Far Rockaway,0.984,0.974,1,0.984
11/01/2021,Hempstead,0.966,0.959,0.992,0.963
11/01/2021,Huntington,0.943,0.97,0.986,0.934
11/01/2021,Long Beach,0.968,0.99,0.988,0.962
11/01/2021,Montauk,0.906,0.932,0.982,0.896
11/01/2021,Oyster Bay,0.926,0.971,0.988,0.912
11/01/2021,Port Jefferson,0.929,0.98,1,0.903
11/01/2021,Port Washington,0.965,0.975,0.966,0.964
11/01/2021,Ronkonkoma,0.938,0.955,0.988,0.926
11/01/2021,System Total,0.953,0.969,0.988,0.946
11/01/2021,West Hempstead,0.985,1,1,0.979
12/01/2021,Babylon,0.975,0.975,0.977,0.975
12/01/2021,Far Rockaway,0.99,0.99,0.981,0.991
12/01/2021,Hempstead,0.968,0.963,0.949,0.971
12/01/2021,Huntington,0.953,0.972,0.957,0.95
12/01/2021,Long Beach,0.97,0.961,1,0.967
12/01/2021,Montauk,0.955,0.95,0.942,0.957
12/01/2021,Oyster Bay,0.958,0.983,0.935,0.957
12/01/2021,Port Jefferson,0.941,0.969,0.925,0.938
12/01/2021,Port Washington,0.975,0.991,0.983,0.972
12/01/2021,Ronkonkoma,0.961,0.938,0.978,0.964
12/01/2021,System Total,0.968,0.969,0.969,0.968
12/01/2021,West Hempstead,0.991,1,0.974,0.993
01/01/2022,Babylon,0.959,0.922,0.968,0.965
01/01/2022,Far Rockaway,0.972,0.942,0.986,0.975
01/01/2022,Hempstead,0.968,0.939,0.976,0.971
01/01/2022,Huntington,0.927,0.929,0.962,0.921
01/01/2022,Long Beach,0.972,0.952,0.976,0.975
01/01/2022,Montauk,0.915,0.845,0.969,0.919
01/01/2022,Oyster Bay,0.939,0.96,0.981,0.929
01/01/2022,Port Jefferson,0.909,0.864,0.972,0.906
01/01/2022,Port Washington,0.98,0.978,0.993,0.979
01/01/2022,Ronkonkoma,0.933,0.916,0.976,0.93
01/01/2022,System Total,0.952,0.925,0.976,0.953
01/01/2022,West Hempstead,0.982,0.917,0.981,0.993
02/01/2022,Babylon,0.967,0.955,0.968,0.969
02/01/2022,Far Rockaway,0.974,0.965,0.977,0.975
02/01/2022,Hempstead,0.965,0.925,0.974,0.969
02/01/2022,Huntington,0.946,0.921,0.937,0.953
02/01/2022,Long Beach,0.974,0.974,0.987,0.973
02/01/2022,Montauk,0.931,0.895,0.915,0.938
02/01/2022,Oyster Bay,0.965,0.939,0.958,0.971
02/01/2022,Port Jefferson,0.943,0.887,0.947,0.953
02/01/2022,Port Washington,0.978,0.986,0.962,0.979
02/01/2022,Ronkonkoma,0.939,0.904,0.943,0.948
02/01/2022,System Total,0.961,0.938,0.957,0.965
02/01/2022,West Hempstead,0.978,0.961,0.947,0.986
03/01/2022,Babylon,0.969,0.986,0.978,0.965
03/01/2022,Far Rockaway,0.988,0.995,0.988,0.987
03/01/2022,Hempstead,0.957,0.975,0.899,0.961
03/01/2022,Huntington,0.95,0.978,0.948,0.944
03/01/2022,Long Beach,0.977,0.991,0.984,0.974
03/01/2022,Montauk,0.94,0.924,0.965,0.939
03/01/2022,Oyster Bay,0.973,0.978,0.991,0.968
03/01/2022,Port Jefferson,0.942,0.932,0.957,0.941
03/01/2022,Port Washington,0.966,0.984,0.975,0.963
03/01/2022,Ronkonkoma,0.946,0.94,0.975,0.942
03/01/2022,System Total,0.963,0.971,0.967,0.961
03/01/2022,West Hempstead,0.984,1,0.948,0.989
04/01/2022,Babylon,0.973,0.985,0.952,0.974
04/01/2022,Far Rockaway,0.988,0.984,0.966,0.991
04/01/2022,Hempstead,0.972,1,0.897,0.976
04/01/2022,Huntington,0.953,0.983,0.929,0.951
04/01/2022,Long Beach,0.974,0.99,0.964,0.972
04/01/2022,Montauk,0.963,0.958,0.962,0.963
04/01/2022,Oyster Bay,0.972,1,0.943,0.971
04/01/2022,Port Jefferson,0.958,0.973,0.98,0.95
04/01/2022,Port Washington,0.978,0.991,0.963,0.979
04/01/2022,Ronkonkoma,0.959,0.979,0.937,0.958
04/01/2022,System Total,0.971,0.984,0.951,0.971
04/01/2022,West Hempstead,0.989,1,0.962,0.993
05/01/2022,Babylon,0.973,0.976,0.974,0.973
05/01/2022,Far Rockaway,0.981,0.954,0.986,0.984
05/01/2022,Hempstead,0.966,0.986,0.968,0.963
05/01/2022,Huntington,0.939,0.974,0.957,0.93
05/01/2022,Long Beach,0.979,0.986,0.982,0.977
05/01/2022,Montauk,0.944,0.994,0.923,0.94
05/01/2022,Oyster Bay,0.966,0.984,0.952,0.965
05/01/2022,Port Jefferson,0.939,0.98,0.946,0.929
05/01/2022,Port Washington,0.965,0.996,0.959,0.963
05/01/2022,Ronkonkoma,0.95,0.963,0.976,0.943
05/01/2022,System Total,0.963,0.978,0.966,0.961
05/01/2022,West Hempstead,0.993,1,0.981,0.995
06/01/2022,Babylon,0.978,0.983,0.973,0.977
06/01/2022,Far Rockaway,0.977,0.973,0.981,0.978
06/01/2022,Hempstead,0.964,0.987,1,0.957
06/01/2022,Huntington,0.935,0.979,0.95,0.924
06/01/2022,Long Beach,0.973,0.977,0.972,0.972
06/01/2022,Montauk,0.947,0.932,0.963,0.948
06/01/2022,Oyster Bay,0.95,0.992,0.982,0.933
06/01/2022,Port Jefferson,0.926,0.942,0.955,0.915
06/01/2022,Port Washington,0.937,0.992,0.961,0.927
06/01/2022,Ronkonkoma,0.942,0.955,0.973,0.933
06/01/2022,System Total,0.956,0.972,0.97,0.952
06/01/2022,West Hempstead,0.98,0.977,0.973,0.982
08/01/2022,Babylon,0.964,0.957,0.946,0.967
08/01/2022,Far Rockaway,0.982,0.974,0.994,0.983
08/01/2022,Hempstead,0.97,0.975,0.949,0.971
08/01/2022,Huntington,0.914,0.933,0.878,0.917
08/01/2022,Long Beach,0.97,0.965,0.957,0.973
08/01/2022,Montauk,0.921,0.918,0.913,0.923
08/01/2022,Oyster Bay,0.976,0.957,0.974,0.982
08/01/2022,Port Jefferson,0.885,0.932,0.901,0.87
08/01/2022,Port Washington,0.958,0.972,0.935,0.96
08/01/2022,Ronkonkoma,0.945,0.947,0.91,0.951
08/01/2022,System Total,0.953,0.954,0.936,0.955
08/01/2022,West Hempstead,0.99,0.967,0.991,0.993
09/01/2022,Babylon,0.972,0.974,0.958,0.973
09/01/2022,Far Rockaway,0.988,0.981,1,0.987
09/01/2022,Hempstead,0.966,0.952,0.968,0.968
09/01/2022,Huntington,0.94,0.97,0.948,0.932
09/01/2022,Long Beach,0.977,0.99,0.982,0.974
09/01/2022,Montauk,0.942,0.94,0.962,0.941
09/01/2022,Oyster Bay,0.98,0.984,1,0.975
09/01/2022,Port Jefferson,0.909,0.946,0.932,0.895
09/01/2022,Port Washington,0.963,0.987,0.959,0.961
09/01/2022,Ronkonkoma,0.954,0.95,0.982,0.951
09/01/2022,System Total,0.963,0.969,0.968,0.961
09/01/2022,West Hempstead,0.993,1,0.99,0.993
10/01/2022,Babylon,0.975,0.944,0.984,0.979
10/01/2022,Far Rockaway,0.983,0.952,0.993,0.986
10/01/2022,Hempstead,0.957,0.973,0.929,0.958
10/01/2022,Huntington,0.925,0.926,0.938,0.922
10/01/2022,Long Beach,0.974,0.976,0.988,0.972
10/01/2022,Montauk,0.944,0.946,0.938,0.944
10/01/2022,Oyster Bay,0.911,0.984,0.971,0.878
10/01/2022,Port Jefferson,0.897,0.912,0.912,0.891
10/01/2022,Port Washington,0.965,0.991,0.949,0.964
10/01/2022,Ronkonkoma,0.945,0.96,0.963,0.938
10/01/2022,System Total,0.956,0.955,0.96,0.956
10/01/2022,West Hempstead,0.984,0.94,0.971,0.993
11/01/2022,Babylon,0.953,0.931,0.923,0.961
11/01/2022,Far Rockaway,0.973,0.938,0.959,0.98
11/01/2022,Hempstead,0.948,0.905,0.913,0.957
11/01/2022,Huntington,0.921,0.909,0.876,0.931
11/01/2022,Long Beach,0.953,0.938,0.952,0.956
11/01/2022,Montauk,0.949,0.887,0.962,0.957
11/01/2022,Oyster Bay,0.925,0.921,0.943,0.923
11/01/2022,Port Jefferson,0.895,0.898,0.884,0.897
11/01/2022,Port Washington,0.93,0.935,0.875,0.937
11/01/2022,Ronkonkoma,0.943,0.939,0.938,0.945
11/01/2022,System Total,0.944,0.925,0.921,0.95
11/01/2022,West Hempstead,0.976,0.94,0.962,0.984
12/01/2022,Babylon,0.968,0.965,0.972,0.968
12/01/2022,Far Rockaway,0.979,0.968,0.987,0.979
12/01/2022,Hempstead,0.952,0.974,0.902,0.954
12/01/2022,Huntington,0.939,0.942,0.905,0.945
12/01/2022,Long Beach,0.94,0.959,0.932,0.938
12/01/2022,Montauk,0.961,0.983,0.949,0.959
12/01/2022,Oyster Bay,0.956,0.955,0.964,0.955
12/01/2022,Port Jefferson,0.914,0.929,0.935,0.906
12/01/2022,Port Washington,0.962,0.988,0.944,0.962
12/01/2022,Ronkonkoma,0.939,0.965,0.916,0.937
12/01/2022,System Total,0.955,0.965,0.943,0.955
12/01/2022,West Hempstead,0.976,1,0.973,0.973
01/01/2023,Babylon,0.982,0.988,0.99,0.98
01/01/2023,Far Rockaway,0.991,0.964,0.981,0.997
01/01/2023,Grand Central Direct,1,1,1,1
01/01/2023,Hempstead,0.974,0.948,0.894,0.986
01/01/2023,Huntington,0.961,0.983,0.927,0.962
01/01/2023,Long Beach,0.983,0.964,0.989,0.986
01/01/2023,Montauk,0.973,0.972,0.978,0.973
01/01/2023,Oyster Bay,0.982,0.97,0.982,0.985
01/01/2023,Port Jefferson,0.952,0.942,0.981,0.948
01/01/2023,Port Washington,0.981,0.996,0.977,0.98
01/01/2023,Ronkonkoma,0.968,0.967,0.976,0.967
01/01/2023,System Total,0.977,0.973,0.971,0.978
01/01/2023,West Hempstead,0.987,0.966,0.982,0.991
02/01/2023,Atlantic,0.974,0.967,0.933,0.983
02/01/2023,Babylon,0.945,0.892,0.906,0.96
02/01/2023,Far Rockaway,0.967,0.9,0.986,0.976
02/01/2023,Grand Central Direct,0.987,0.956,0.985,0.989
02/01/2023,Hempstead,0.959,0.898,0.958,0.966
02/01/2023,Huntington,0.922,0.874,0.923,0.93
02/01/2023,Long Beach,0.959,0.938,0.955,0.963
02/01/2023,Montauk,0.943,0.908,0.943,0.948
02/01/2023,Oyster Bay,0.956,0.956,0.884,0.97
02/01/2023,Port Jefferson,0.902,0.904,0.91,0.9
02/01/2023,Port Washington,0.96,0.972,0.942,0.961
02/01/2023,Ronkonkoma,0.936,0.902,0.97,0.938
02/01/2023,System Total,0.95,0.914,0.94,0.957
02/01/2023,West Hempstead,0.969,0.962,0.959,0.972
03/01/2023,Atlantic,0.985,0.98,0.982,0.987
03/01/2023,Babylon,0.926,0.864,0.898,0.946
03/01/2023,Far Rockaway,0.96,0.943,0.957,0.964
03/01/2023,Hempstead,0.945,0.841,0.961,0.959
03/01/2023,Huntington,0.917,0.866,0.94,0.922
03/01/2023,Long Beach,0.902,0.848,0.904,0.914
03/01/2023,Montauk,0.919,0.864,0.915,0.928
03/01/2023,Oyster Bay,0.951,0.884,0.887,0.978
03/01/2023,Port Jefferson,0.899,0.804,0.894,0.921
03/01/2023,Port Washington,0.99,0.977,0.996,0.991
03/01/2023,Ronkonkoma,0.932,0.798,0.961,0.951
03/01/2023,System Total,0.941,0.883,0.933,0.953
03/01/2023,West Hempstead,0.92,0.93,0.703,0.95
04/01/2023,Babylon,0.925,0.863,0.909,0.941
04/01/2023,Far Rockaway,0.951,0.94,0.91,0.959
04/01/2023,Atlantic,0.978,0.98,0.995,0.975
04/01/2023,Hempstead,0.942,0.894,0.95,0.948
04/01/2023,Huntington,0.898,0.929,0.896,0.895
04/01/2023,Long Beach,0.904,0.896,0.92,0.904
04/01/2023,Montauk,0.925,0.9,0.915,0.93
04/01/2023,Oyster Bay,0.948,0.925,0.93,0.955
04/01/2023,Port Jefferson,0.91,0.856,0.921,0.919
04/01/2023,Port Washington,0.974,0.95,0.965,0.978
04/01/2023,Ronkonkoma,0.911,0.885,0.895,0.918
04/01/2023,System Total,0.934,0.91,0.924,0.94
04/01/2023,West Hempstead,0.923,0.91,0.792,0.941
05/01/2023,Babylon,0.941,0.918,0.909,0.952
05/01/2023,Far Rockaway,0.959,0.923,0.964,0.964
05/01/2023,Atlantic,0.987,0.98,0.993,0.988
05/01/2023,Hempstead,0.955,0.899,0.949,0.965
05/01/2023,Huntington,0.905,0.893,0.892,0.909
05/01/2023,Long Beach,0.906,0.92,0.927,0.899
05/01/2023,Montauk,0.92,0.847,0.945,0.927
05/01/2023,Oyster Bay,0.952,0.924,0.909,0.966
05/01/2023,Port Jefferson,0.932,0.881,0.922,0.946
05/01/2023,Port Washington,0.982,0.982,0.98,0.983
05/01/2023,Ronkonkoma,0.937,0.925,0.911,0.944
05/01/2023,System Total,0.946,0.924,0.932,0.952
05/01/2023,West Hempstead,0.948,0.9,0.788,0.975
06/01/2023,Babylon,0.905,0.903,0.855,0.915
06/01/2023,Far Rockaway,0.944,0.918,0.968,0.944
06/01/2023,Atlantic,0.979,0.993,0.955,0.981
06/01/2023,Hempstead,0.936,0.955,0.98,0.926
06/01/2023,Huntington,0.876,0.893,0.864,0.875
06/01/2023,Long Beach,0.905,0.943,0.923,0.894
06/01/2023,Montauk,0.885,0.898,0.874,0.885
06/01/2023,Oyster Bay,0.914,0.939,0.918,0.908
06/01/2023,Port Jefferson,0.904,0.943,0.844,0.907
06/01/2023,Port Washington,0.969,0.964,0.964,0.971
06/01/2023,Ronkonkoma,0.928,0.939,0.926,0.926
06/01/2023,System Total,0.926,0.934,0.908,0.927
06/01/2023,West Hempstead,0.924,0.909,0.72,0.955
07/01/2023,Babylon,0.924,0.867,0.924,0.934
07/01/2023,Far Rockaway,0.94,0.91,0.925,0.947
07/01/2023,Atlantic,0.97,0.94,0.97,0.974
07/01/2023,Hempstead,0.94,0.856,0.961,0.949
07/01/2023,Huntington,0.893,0.818,0.904,0.9
07/01/2023,Long Beach,0.919,0.904,0.93,0.921
07/01/2023,Montauk,0.866,0.856,0.92,0.861
07/01/2023,Oyster Bay,0.927,0.842,0.93,0.943
07/01/2023,Port Jefferson,0.903,0.819,0.921,0.92
07/01/2023,Port Washington,0.983,0.963,0.988,0.985
07/01/2023,Ronkonkoma,0.93,0.892,0.888,0.943
07/01/2023,System Total,0.932,0.887,0.928,0.939
07/01/2023,West Hempstead,0.932,0.91,0.775,0.954
08/01/2023,Babylon,0.911,0.888,0.881,0.923
08/01/2023,Far Rockaway,0.944,0.913,0.961,0.947
08/01/2023,Atlantic,0.972,0.985,0.967,0.971
08/01/2023,Hempstead,0.927,0.923,0.913,0.93
08/01/2023,Huntington,0.871,0.863,0.843,0.876
08/01/2023,Long Beach,0.906,0.949,0.904,0.897
08/01/2023,Montauk,0.863,0.864,0.838,0.867
08/01/2023,Oyster Bay,0.922,0.855,0.922,0.936
08/01/2023,Port Jefferson,0.889,0.891,0.944,0.875
08/01/2023,Port Washington,0.971,0.974,0.957,0.973
08/01/2023,Ronkonkoma,0.921,0.915,0.905,0.925
08/01/2023,System Total,0.923,0.915,0.907,0.927
08/01/2023,West Hempstead,0.923,0.87,0.746,0.956
09/01/2023,Babylon,0.934,0.887,0.913,0.947
09/01/2023,Far Rockaway,0.937,0.954,0.92,0.936
09/01/2023,Atlantic,0.981,0.985,0.978,0.98
09/01/2023,Hempstead,0.927,0.894,0.928,0.933
09/01/2023,Huntington,0.872,0.931,0.85,0.865
09/01/2023,Long Beach,0.912,0.875,0.87,0.927
09/01/2023,Montauk,0.908,0.931,0.867,0.91
09/01/2023,Oyster Bay,0.913,0.95,0.79,0.926
09/01/2023,Port Jefferson,0.89,0.894,0.836,0.9
09/01/2023,Port Washington,0.959,0.96,0.942,0.961
09/01/2023,Ronkonkoma,0.909,0.916,0.884,0.912
09/01/2023,System Total,0.928,0.922,0.902,0.933
09/01/2023,West Hempstead,0.942,0.89,0.85,0.96
10/01/2023,Babylon,0.947,0.94,0.952,0.948
10/01/2023,Far Rockaway,0.959,0.975,0.964,0.955
10/01/2023,Atlantic,0.987,0.995,0.993,0.985
10/01/2023,Hempstead,0.953,0.959,0.955,0.952
10/01/2023,Huntington,0.91,0.938,0.927,0.904
10/01/2023,Long Beach,0.941,0.936,0.932,0.943
10/01/2023,Montauk,0.941,0.932,0.939,0.942
10/01/2023,Oyster Bay,0.949,0.939,0.973,0.947
10/01/2023,Port Jefferson,0.901,0.909,0.883,0.903
10/01/2023,Port Washington,0.968,0.991,0.962,0.966
10/01/2023,Ronkonkoma,0.934,0.959,0.965,0.923
10/01/2023,System Total,0.947,0.953,0.952,0.945
10/01/2023,West Hempstead,0.942,0.918,0.879,0.955
11/01/2023,Babylon,0.928,0.92,0.86,0.943
11/01/2023,Far Rockaway,0.942,0.947,0.91,0.946
11/01/2023,Atlantic,0.99,0.988,0.991,0.99
11/01/2023,Hempstead,0.937,0.917,0.931,0.941
11/01/2023,Huntington,0.893,0.946,0.846,0.891
11/01/2023,Long Beach,0.915,0.891,0.886,0.926
11/01/2023,Montauk,0.931,0.964,0.873,0.935
11/01/2023,Oyster Bay,0.942,0.96,0.924,0.942
11/01/2023,Port Jefferson,0.879,0.863,0.905,0.877
11/01/2023,Port Washington,0.981,0.968,0.965,0.986
11/01/2023,Ronkonkoma,0.915,0.942,0.882,0.917
11/01/2023,System Total,0.936,0.937,0.903,0.942
11/01/2023,West Hempstead,0.948,0.914,0.81,0.971
12/01/2023,Babylon,0.931,0.9,0.915,0.94
12/01/2023,Far Rockaway,0.947,0.94,0.94,0.949
12/01/2023,Atlantic,0.982,0.988,0.962,0.985
12/01/2023,Hempstead,0.935,0.928,0.939,0.935
12/01/2023,Huntington,0.913,0.93,0.892,0.913
12/01/2023,Long Beach,0.929,0.9,0.885,0.942
12/01/2023,Montauk,0.965,0.944,0.939,0.971
12/01/2023,Oyster Bay,0.967,0.958,0.94,0.972
12/01/2023,Port Jefferson,0.918,0.925,0.929,0.915
12/01/2023,Port Washington,0.967,0.933,0.997,0.967
12/01/2023,Ronkonkoma,0.944,0.916,0.976,0.943
12/01/2023,System Total,0.946,0.928,0.94,0.95
12/01/2023,West Hempstead,0.958,0.91,0.883,0.972
01/01/2024,Babylon,0.934,0.893,0.924,0.944
01/01/2024,Far Rockaway,0.965,0.945,0.955,0.97
01/01/2024,Atlantic,0.991,0.994,0.991,0.991
01/01/2024,Hempstead,0.952,0.909,0.924,0.963
01/01/2024,Huntington,0.924,0.9,0.885,0.932
01/01/2024,Long Beach,0.914,0.884,0.914,0.92
01/01/2024,Montauk,0.94,0.915,0.9,0.95
01/01/2024,Oyster Bay,0.945,0.886,0.918,0.963
01/01/2024,Port Jefferson,0.92,0.915,0.896,0.926
01/01/2024,Port Washington,0.991,0.994,0.983,0.992
01/01/2024,Ronkonkoma,0.945,0.906,0.933,0.954
01/01/2024,System Total,0.951,0.921,0.936,0.958
01/01/2024,West Hempstead,0.96,0.873,0.909,0.977
02/01/2024,Babylon,0.955,0.94,0.95,0.959
02/01/2024,Far Rockaway,0.967,0.97,0.945,0.97
02/01/2024,Atlantic,0.98,0.947,0.988,0.983
02/01/2024,Hempstead,0.96,0.922,0.95,0.968
02/01/2024,Huntington,0.945,0.967,0.942,0.943
02/01/2024,Long Beach,0.946,0.968,0.93,0.944
02/01/2024,Montauk,0.942,0.912,0.884,0.954
02/01/2024,Oyster Bay,0.959,0.942,0.92,0.969
02/01/2024,Port Jefferson,0.961,0.925,0.971,0.967
02/01/2024,Port Washington,0.988,0.99,1,0.985
02/01/2024,Ronkonkoma,0.962,0.945,0.976,0.963
02/01/2024,System Total,0.963,0.951,0.96,0.965
02/01/2024,West Hempstead,0.975,0.97,0.983,0.975
03/01/2024,Babylon,0.954,0.936,0.926,0.962
03/01/2024,Far Rockaway,0.969,0.952,0.962,0.973
03/01/2024,Atlantic,0.987,0.975,0.98,0.989
03/01/2024,Hempstead,0.956,0.931,0.91,0.966
03/01/2024,Huntington,0.928,0.94,0.916,0.927
03/01/2024,Long Beach,0.945,0.968,0.91,0.946
03/01/2024,Montauk,0.937,0.917,0.948,0.938
03/01/2024,Oyster Bay,0.968,0.944,0.943,0.977
03/01/2024,Port Jefferson,0.944,0.94,0.884,0.955
03/01/2024,Port Washington,0.986,0.99,0.987,0.986
03/01/2024,Ronkonkoma,0.961,0.924,0.965,0.967
03/01/2024,System Total,0.959,0.947,0.947,0.963
03/01/2024,West Hempstead,0.957,0.933,0.984,0.957
04/01/2024,Babylon,0.965,0.981,0.945,0.965
04/01/2024,Far Rockaway,0.982,0.986,0.995,0.978
04/01/2024,Atlantic,0.994,0.997,0.995,0.994
04/01/2024,Hempstead,0.97,0.96,0.97,0.972
04/01/2024,Huntington,0.938,0.97,0.948,0.932
04/01/2024,Long Beach,0.954,0.973,0.959,0.948
04/01/2024,Montauk,0.954,0.977,0.922,0.955
04/01/2024,Oyster Bay,0.968,0.985,0.927,0.972
04/01/2024,Port Jefferson,0.961,0.972,0.942,0.963
04/01/2024,Port Washington,0.986,0.997,0.962,0.988
04/01/2024,Ronkonkoma,0.963,0.95,0.98,0.964
04/01/2024,System Total,0.968,0.976,0.962,0.968
04/01/2024,West Hempstead,0.979,0.964,0.962,0.984
05/01/2024,Babylon,0.959,0.956,0.972,0.958
05/01/2024,Far Rockaway,0.971,0.968,0.973,0.971
05/01/2024,Atlantic,0.986,0.982,0.976,0.988
05/01/2024,Hempstead,0.953,0.939,0.949,0.956
05/01/2024,Huntington,0.939,0.942,0.962,0.936
05/01/2024,Long Beach,0.949,0.97,0.977,0.939
05/01/2024,Montauk,0.919,0.966,0.908,0.915
05/01/2024,Oyster Bay,0.961,0.947,0.909,0.974
05/01/2024,Port Jefferson,0.945,0.949,0.961,0.941
05/01/2024,Port Washington,0.978,0.983,0.962,0.98
05/01/2024,Ronkonkoma,0.948,0.932,0.969,0.947
05/01/2024,System Total,0.958,0.958,0.961,0.957
05/01/2024,West Hempstead,0.958,0.973,0.932,0.96
06/01/2024,Babylon,0.948,0.91,0.968,0.952
06/01/2024,Far Rockaway,0.957,0.965,0.965,0.955
06/01/2024,Atlantic,0.983,0.967,0.976,0.985
06/01/2024,Hempstead,0.945,0.911,0.95,0.95
06/01/2024,Huntington,0.92,0.947,0.937,0.915
06/01/2024,Long Beach,0.916,0.954,0.94,0.904
06/01/2024,Montauk,0.888,0.906,0.923,0.881
06/01/2024,Oyster Bay,0.926,0.942,0.89,0.928
06/01/2024,Port Jefferson,0.93,0.919,0.936,0.931
06/01/2024,Port Washington,0.97,0.975,0.971,0.969
06/01/2024,Ronkonkoma,0.929,0.922,0.978,0.923
06/01/2024,System Total,0.943,0.938,0.958,0.942
06/01/2024,West Hempstead,0.962,0.97,0.967,0.961
07/01/2024,Babylon,0.959,0.937,0.967,0.962
07/01/2024,Far Rockaway,0.973,0.964,0.995,0.971
07/01/2024,Atlantic,0.983,0.991,0.959,0.986
07/01/2024,Hempstead,0.967,0.955,0.99,0.966
07/01/2024,Huntington,0.935,0.93,0.925,0.937
07/01/2024,Long Beach,0.947,0.958,0.986,0.938
07/01/2024,Montauk,0.902,0.949,0.87,0.9
07/01/2024,Oyster Bay,0.943,0.939,0.918,0.949
07/01/2024,Port Jefferson,0.913,0.926,0.916,0.909
07/01/2024,Port Washington,0.974,0.943,0.978,0.978
07/01/2024,Ronkonkoma,0.952,0.932,0.983,0.952
07/01/2024,System Total,0.956,0.947,0.961,0.957
07/01/2024,West Hempstead,0.975,0.955,0.977,0.977
08/01/2024,Babylon,0.935,0.939,0.937,0.934
08/01/2024,Far Rockaway,0.968,0.977,0.982,0.965
08/01/2024,Atlantic,0.99,0.991,0.983,0.991
08/01/2024,Hempstead,0.963,0.904,0.98,0.97
08/01/2024,Huntington,0.932,0.939,0.943,0.93
08/01/2024,Long Beach,0.931,0.977,0.982,0.912
08/01/2024,Montauk,0.882,0.966,0.845,0.876
08/01/2024,Oyster Bay,0.945,0.955,0.882,0.954
08/01/2024,Port Jefferson,0.883,0.864,0.844,0.896
08/01/2024,Port Washington,0.962,0.952,0.978,0.96
08/01/2024,Ronkonkoma,0.943,0.92,0.96,0.944
08/01/2024,System Total,0.945,0.945,0.95,0.945
08/01/2024,West Hempstead,0.962,0.955,0.962,0.962
09/01/2024,Babylon,0.955,0.969,0.913,0.959
09/01/2024,Far Rockaway,0.981,0.982,0.98,0.982
09/01/2024,Atlantic,0.989,0.982,0.982,0.99
09/01/2024,Hempstead,0.966,0.95,0.956,0.969
09/01/2024,Huntington,0.943,0.933,0.969,0.941
09/01/2024,Long Beach,0.966,0.992,0.985,0.957
09/01/2024,Montauk,0.908,0.969,0.909,0.901
09/01/2024,Oyster Bay,0.97,0.983,0.95,0.971
09/01/2024,Port Jefferson,0.919,0.912,0.914,0.922
09/01/2024,Port Washington,0.974,0.991,0.982,0.97
09/01/2024,Ronkonkoma,0.95,0.948,0.982,0.946
09/01/2024,System Total,0.96,0.966,0.959,0.959
09/01/2024,West Hempstead,0.978,0.98,0.958,0.98
10/01/2024,Babylon,0.949,0.93,0.928,0.957
10/01/2024,Far Rockaway,0.977,0.98,0.991,0.974
10/01/2024,Atlantic,0.984,0.988,0.975,0.985
10/01/2024,Hempstead,0.962,0.908,0.947,0.974
10/01/2024,Huntington,0.945,0.959,0.96,0.941
10/01/2024,Long Beach,0.959,0.946,0.991,0.956
10/01/2024,Montauk,0.945,0.962,0.931,0.944
10/01/2024,Oyster Bay,0.96,0.957,0.957,0.961
10/01/2024,Port Jefferson,0.913,0.908,0.901,0.917
10/01/2024,Port Washington,0.974,0.976,0.984,0.972
10/01/2024,Ronkonkoma,0.955,0.946,0.989,0.952
10/01/2024,System Total,0.96,0.951,0.963,0.961
10/01/2024,West Hempstead,0.969,0.948,0.978,0.97
11/01/2024,Babylon,0.961,0.951,0.967,0.962
11/01/2024,Far Rockaway,0.966,0.909,0.97,0.975
11/01/2024,Atlantic,0.984,0.968,0.971,0.988
11/01/2024,Hempstead,0.956,0.917,0.961,0.961
11/01/2024,Huntington,0.952,0.923,0.969,0.954
11/01/2024,Long Beach,0.96,0.95,0.965,0.961
11/01/2024,Montauk,0.937,0.981,0.934,0.932
11/01/2024,Oyster Bay,0.951,0.942,0.94,0.955
11/01/2024,Port Jefferson,0.92,0.906,0.907,0.926
11/01/2024,Port Washington,0.986,0.969,0.995,0.987
11/01/2024,Ronkonkoma,0.954,0.94,0.981,0.952
11/01/2024,System Total,0.962,0.944,0.968,0.965
11/01/2024,West Hempstead,0.981,0.94,0.992,0.984
12/01/2024,Babylon,0.95,0.896,0.942,0.96
12/01/2024,Far Rockaway,0.97,0.918,0.981,0.977
12/01/2024,Atlantic,0.985,0.963,0.987,0.986
12/01/2024,Hempstead,0.947,0.868,0.937,0.961
12/01/2024,Huntington,0.929,0.867,0.974,0.932
12/01/2024,Long Beach,0.957,0.889,0.981,0.967
12/01/2024,Montauk,0.919,0.905,0.919,0.921
12/01/2024,Oyster Bay,0.952,0.905,0.952,0.961
12/01/2024,Port Jefferson,0.903,0.815,0.925,0.917
12/01/2024,Port Washington,0.979,0.967,0.982,0.98
12/01/2024,Ronkonkoma,0.934,0.879,0.982,0.936
12/01/2024,System Total,0.953,0.902,0.965,0.959
12/01/2024,West Hempstead,0.977,0.933,0.976,0.981
01/01/2025,Babylon,0.973,0.946,0.99,0.976
01/01/2025,Far Rockaway,0.98,0.95,0.982,0.985
01/01/2025,Atlantic,0.983,0.958,0.998,0.984
01/01/2025,Hempstead,0.97,0.924,0.985,0.975
01/01/2025,Huntington,0.959,0.927,0.979,0.962
01/01/2025,Long Beach,0.972,0.955,0.995,0.971
01/01/2025,Montauk,0.95,0.96,0.95,0.949
01/01/2025,Oyster Bay,0.962,0.939,0.991,0.962
01/01/2025,Port Jefferson,0.939,0.92,0.961,0.939
01/01/2025,Port Washington,0.988,0.986,0.988,0.988
01/01/2025,Ronkonkoma,0.955,0.93,0.977,0.956
01/01/2025,System Total,0.97,0.947,0.983,0.972
01/01/2025,West Hempstead,0.984,0.973,0.97,0.987
